AllDates,PRC,Pseudo-PRC
2004-01-02,58.17,58.17
2004-01-05,58.45,58.45
2004-01-06,58.26,58.26
2004-01-07,57.67,57.67
2004-01-08,57.65,57.65
2004-01-09,57.38,57.38
2004-01-12,56.96,56.96
2004-01-13,56.28,56.28
2004-01-14,56.33,56.33
2004-01-15,56.5,56.5
2004-01-16,57.19,57.19
2004-01-20,57.35,57.35
2004-01-21,57.84,57.84
2004-01-22,57.1,57.1
2004-01-23,56.84,56.84
2004-01-26,58.04,58.04
2004-01-27,57.41,57.41
2004-01-28,57.06,57.06
2004-01-29,57.84,57.84
2004-01-30,57.41,57.41
2004-02-02,57.56,57.56
2004-02-03,57.96,57.96
2004-02-04,57.1,57.55
2004-02-05,57.06,57.51
2004-02-06,57.96,58.42
2004-02-09,57.69,58.14
2004-02-10,57.57,58.02
2004-02-11,58.2,58.66
2004-02-12,57.4,57.85
2004-02-13,57.37,57.82
2004-02-17,57.4,57.85
2004-02-18,56.95,57.4
2004-02-19,57.57,58.02
2004-02-20,56.89,57.34
2004-02-23,56.86,57.31
2004-02-24,56.72,57.17
2004-02-25,57.23,57.68
2004-02-26,57.25,57.7
2004-02-27,57.35,57.8
2004-03-01,57.63,58.08
2004-03-02,57.32,57.77
2004-03-03,57.75,58.21
2004-03-04,58.12,58.58
2004-03-05,58.39,58.85
2004-03-08,58.6,59.06
2004-03-09,58.44,58.9
2004-03-10,58.44,58.9
2004-03-11,57.71,58.16
2004-03-12,57.92,58.38
2004-03-15,57.78,58.24
2004-03-16,58.07,58.53
2004-03-17,58.37,58.83
2004-03-18,58.31,58.77
2004-03-19,57.57,58.02
2004-03-22,56.8,57.25
2004-03-23,56.62,57.07
2004-03-24,56.57,57.02
2004-03-25,57.14,57.59
2004-03-26,56.95,57.4
2004-03-29,57.17,57.62
2004-03-30,56.83,57.28
2004-03-31,56.67,57.12
2004-04-01,57.25,57.7
2004-04-02,56.61,57.06
2004-04-05,56.63,57.08
2004-04-06,57.18,57.63
2004-04-07,56.75,57.2
2004-04-08,56.88,57.33
2004-04-12,57.03,57.48
2004-04-13,55.65,56.09
2004-04-14,55.24,55.68
2004-04-15,54.94,55.37
2004-04-16,56.07,56.51
2004-04-19,55.91,56.35
2004-04-20,55.36,55.8
2004-04-21,56.21,56.65
2004-04-22,56.75,57.2
2004-04-23,56.4,56.84
2004-04-26,56.39,56.83
2004-04-27,57.09,57.54
2004-04-28,56.3,56.74
2004-04-29,56.42,56.86
2004-04-30,56.46,56.91
2004-05-03,56.97,57.42
2004-05-04,57.05,57.5
2004-05-05,56.62,57.52
2004-05-06,56.15,57.04
2004-05-07,55.09,55.97
2004-05-10,54.79,55.66
2004-05-11,55.1,55.98
2004-05-12,55.9,56.79
2004-05-13,56.1,56.99
2004-05-14,56.99,57.9
2004-05-17,56.91,57.81
2004-05-18,57.85,58.77
2004-05-19,57.7,58.62
2004-05-20,58,58.92
2004-05-21,58.05,58.97
2004-05-24,58.33,59.26
2004-05-25,58.75,59.68
2004-05-26,59.12,60.06
2004-05-27,59.05,59.99
2004-05-28,58.8,59.73
2004-06-01,58.63,59.56
2004-06-02,58.52,59.45
2004-06-03,58.29,59.22
2004-06-04,58.59,59.52
2004-06-07,59.01,59.95
2004-06-08,58.8,59.73
2004-06-09,58,58.92
2004-06-10,58.61,59.54
2004-06-14,58.04,58.96
2004-06-15,58.25,59.18
2004-06-16,58.2,59.13
2004-06-17,58.41,59.34
2004-06-18,58.6,59.53
2004-06-21,58.52,59.45
2004-06-22,58.76,59.69
2004-06-23,59.05,59.99
2004-06-24,58.69,59.62
2004-06-25,57.53,58.44
2004-06-28,57.75,58.67
2004-06-29,57.35,58.26
2004-06-30,57.23,58.14
2004-07-01,56.59,57.49
2004-07-02,57.23,58.14
2004-07-06,56.92,57.82
2004-07-07,57.23,58.14
2004-07-08,56.94,57.84
2004-07-09,57.02,57.93
2004-07-12,57.57,58.48
2004-07-13,57.77,58.69
2004-07-14,57.5,58.41
2004-07-15,57.4,58.31
2004-07-16,57.91,58.83
2004-07-19,58.45,59.38
2004-07-20,58.06,58.98
2004-07-21,57.25,58.16
2004-07-22,57.09,58
2004-07-23,56.64,57.54
2004-07-26,56.82,57.72
2004-07-27,57.43,58.34
2004-07-28,57.43,58.34
2004-07-29,57.73,58.65
2004-07-30,57.41,58.32
2004-08-02,57.86,58.78
2004-08-03,57.48,58.39
2004-08-04,57.27,58.67
2004-08-05,56.29,57.66
2004-08-06,56.36,57.74
2004-08-09,56.39,57.77
2004-08-10,57,58.39
2004-08-11,57.57,58.98
2004-08-12,57.16,58.56
2004-08-13,57.54,58.94
2004-08-16,57.78,59.19
2004-08-17,57.88,59.29
2004-08-18,57.96,59.37
2004-08-19,57.95,59.36
2004-08-20,58.05,59.47
2004-08-23,57.89,59.3
2004-08-24,58.17,59.59
2004-08-25,58.55,59.98
2004-08-26,58.66,60.09
2004-08-27,58.66,60.09
2004-08-30,58.39,59.82
2004-08-31,58.75,60.18
2004-09-01,58.83,60.27
2004-09-02,59.42,60.87
2004-09-03,59.27,60.72
2004-09-07,59.72,61.18
2004-09-08,59,60.44
2004-09-09,58.99,60.43
2004-09-10,59.13,60.57
2004-09-13,59.19,60.63
2004-09-14,58.87,60.31
2004-09-15,59.1,60.54
2004-09-16,59.23,60.68
2004-09-17,59.34,60.79
2004-09-20,59.04,60.48
2004-09-21,59.07,60.51
2004-09-22,58.7,60.13
2004-09-23,58.13,59.55
2004-09-24,58.64,60.07
2004-09-27,59.02,60.46
2004-09-28,59.34,60.79
2004-09-29,59.32,60.77
2004-09-30,59.63,61.09
2004-10-01,60.19,61.66
2004-10-04,60.42,61.89
2004-10-05,60.34,61.81
2004-10-06,60.65,62.13
2004-10-07,60.24,61.71
2004-10-08,60.48,61.96
2004-10-11,60.45,61.93
2004-10-12,60.46,61.94
2004-10-13,60.24,61.71
2004-10-14,59.48,60.93
2004-10-15,60.05,61.52
2004-10-18,60.15,61.62
2004-10-19,59.35,60.8
2004-10-20,58.82,60.26
2004-10-21,58.52,59.95
2004-10-22,57.88,59.29
2004-10-25,57.85,59.26
2004-10-26,58.7,60.13
2004-10-27,59.15,60.59
2004-10-28,59.83,61.29
2004-10-29,59.72,61.18
2004-11-01,59.91,61.37
2004-11-02,59.8,61.26
2004-11-03,60.3,62.26
2004-11-04,61.42,63.42
2004-11-05,61.5,63.5
2004-11-08,61.61,63.62
2004-11-09,61.55,63.55
2004-11-10,61.5,63.5
2004-11-11,62.15,64.17
2004-11-12,62.57,64.61
2004-11-15,62.55,64.59
2004-11-16,62.18,64.2
2004-11-17,62.46,64.49
2004-11-18,62.45,64.48
2004-11-19,61.55,63.55
2004-11-22,62.05,64.07
2004-11-23,62.4,64.43
2004-11-24,62.45,64.48
2004-11-26,62.5,64.54
2004-11-29,62.2,64.23
2004-11-30,61.77,63.78
2004-12-01,62.88,64.93
2004-12-02,62.67,64.71
2004-12-03,62.4,64.43
2004-12-06,62.48,64.51
2004-12-07,61.82,63.83
2004-12-08,62.42,64.45
2004-12-09,62.96,65.01
2004-12-10,63.02,65.07
2004-12-13,63.25,65.31
2004-12-14,62.95,65
2004-12-15,62.53,64.57
2004-12-16,62.76,64.8
2004-12-17,62,64.02
2004-12-20,62.08,64.1
2004-12-21,62.2,64.23
2004-12-22,62.29,64.32
2004-12-23,62.41,64.44
2004-12-27,62.31,64.34
2004-12-28,62.58,64.62
2004-12-29,62.4,64.43
2004-12-30,62.2,64.23
2004-12-31,62.15,64.17
2005-01-03,61.91,63.93
2005-01-04,61.96,63.98
2005-01-05,62.03,64.05
2005-01-06,62.25,64.28
2005-01-07,62.17,64.19
2005-01-10,62.13,64.15
2005-01-11,62.01,64.03
2005-01-12,61.18,63.17
2005-01-13,60.64,62.61
2005-01-14,60.69,62.67
2005-01-18,61.46,63.46
2005-01-19,61,62.99
2005-01-20,60.54,62.51
2005-01-21,60.12,62.08
2005-01-24,59.95,61.9
2005-01-25,60.33,62.29
2005-01-26,60.87,62.85
2005-01-27,60.43,62.4
2005-01-28,60.52,62.49
2005-01-31,61.3,63.3
2005-02-01,61.8,63.81
2005-02-02,60.78,63.26
2005-02-03,61.05,63.54
2005-02-04,60.98,63.46
2005-02-07,61.42,63.92
2005-02-08,61.44,63.94
2005-02-09,60.91,63.39
2005-02-10,60.43,62.89
2005-02-11,60.3,62.76
2005-02-14,61.31,63.81
2005-02-15,61.3,63.8
2005-02-16,60.76,63.23
2005-02-17,60.4,62.86
2005-02-18,59.81,62.25
2005-02-22,58.83,61.23
2005-02-23,59.49,61.91
2005-02-24,59.69,62.12
2005-02-25,59.9,62.34
2005-02-28,59.38,61.8
2005-03-01,59.85,62.29
2005-03-02,59.5,61.92
2005-03-03,59.41,61.83
2005-03-04,60.5,62.96
2005-03-07,60.73,63.2
2005-03-08,60.79,63.27
2005-03-09,59.74,62.17
2005-03-10,60.21,62.66
2005-03-11,59.8,62.24
2005-03-14,60.1,62.55
2005-03-15,59.98,62.42
2005-03-16,59.53,61.95
2005-03-17,59.6,62.03
2005-03-18,59.38,61.8
2005-03-21,59.19,61.6
2005-03-22,58.38,60.76
2005-03-23,58.74,61.13
2005-03-24,58.39,60.77
2005-03-28,58.87,61.27
2005-03-29,58.93,61.33
2005-03-30,59.7,62.13
2005-03-31,59.8,62.24
2005-04-01,59.43,61.85
2005-04-04,59.84,62.28
2005-04-05,59.68,62.11
2005-04-06,59.74,62.17
2005-04-07,59.88,62.32
2005-04-08,59.56,61.99
2005-04-11,60,62.44
2005-04-12,60.63,63.1
2005-04-13,60.22,62.67
2005-04-14,59.85,62.29
2005-04-15,59.13,61.54
2005-04-18,59.51,61.93
2005-04-19,58.93,61.33
2005-04-20,58.15,60.52
2005-04-21,58.67,61.06
2005-04-22,58.67,61.06
2005-04-25,59.15,61.56
2005-04-26,58.79,61.18
2005-04-27,59.51,61.93
2005-04-28,59.54,61.96
2005-04-29,59.94,62.38
2005-05-02,60.4,62.86
2005-05-03,60.29,62.75
2005-05-04,60.67,63.64
2005-05-05,60.25,63.2
2005-05-06,59.76,62.69
2005-05-09,60.22,63.17
2005-05-10,59.72,62.64
2005-05-11,60.05,62.99
2005-05-12,59.82,62.75
2005-05-13,59.25,62.15
2005-05-16,60.01,62.95
2005-05-17,60.46,63.42
2005-05-18,60.97,63.95
2005-05-19,61.28,64.28
2005-05-20,61.33,64.33
2005-05-23,61.4,64.41
2005-05-24,61.03,64.02
2005-05-25,60.89,63.87
2005-05-26,60.94,63.92
2005-05-27,60.79,63.77
2005-05-31,60.41,63.37
2005-06-01,61.5,64.51
2005-06-02,61.53,64.54
2005-06-03,61.35,64.35
2005-06-06,61.44,64.45
2005-06-07,61.37,64.37
2005-06-08,61.5,64.51
2005-06-09,61.33,64.33
2005-06-10,61.31,64.31
2005-06-13,61.1,64.09
2005-06-14,61.15,64.14
2005-06-15,61.35,64.35
2005-06-16,61.45,64.46
2005-06-17,61.59,64.61
2005-06-20,61.66,64.68
2005-06-21,61.49,64.5
2005-06-22,61.71,64.73
2005-06-23,61.01,64
2005-06-24,60.72,63.69
2005-06-27,60.6,63.57
2005-06-28,61.34,64.34
2005-06-29,61.94,64.97
2005-06-30,61.58,64.59
2005-07-01,61.27,64.27
2005-07-05,61.2,64.2
2005-07-06,60.84,63.82
2005-07-07,60.64,63.61
2005-07-08,61.27,64.27
2005-07-11,61.73,64.75
2005-07-12,61.55,64.56
2005-07-13,61.73,64.75
2005-07-14,62.47,65.53
2005-07-15,62.87,65.95
2005-07-18,61.99,65.02
2005-07-19,61.83,64.86
2005-07-20,62.21,65.26
2005-07-21,61.78,64.8
2005-07-22,61.75,64.77
2005-07-25,61.84,64.87
2005-07-26,62,65.04
2005-07-27,61.8,64.83
2005-07-28,61.94,64.97
2005-07-29,61.34,64.34
2005-08-01,61.54,64.55
2005-08-02,61.72,64.74
2005-08-03,61.25,64.79
2005-08-04,60.96,64.49
2005-08-05,60.37,63.86
2005-08-08,60.36,63.85
2005-08-09,60.44,63.94
2005-08-10,60.31,63.8
2005-08-11,60.46,63.96
2005-08-12,60.17,63.65
2005-08-15,60.74,64.25
2005-08-16,59.96,63.43
2005-08-17,60.01,63.48
2005-08-18,60.34,63.83
2005-08-19,60.63,64.14
2005-08-22,60.67,64.18
2005-08-23,60.05,63.52
2005-08-24,59.48,62.92
2005-08-25,59.57,63.02
2005-08-26,58.79,62.19
2005-08-29,59.28,62.71
2005-08-30,58.79,62.19
2005-08-31,59.62,63.07
2005-09-01,59.73,63.19
2005-09-02,59.29,62.72
2005-09-06,60.24,63.73
2005-09-07,60.07,63.55
2005-09-08,59.8,63.26
2005-09-09,59.82,63.28
2005-09-12,59.8,63.26
2005-09-13,59.6,63.05
2005-09-14,59.19,62.61
2005-09-15,58.61,62
2005-09-16,59.97,63.44
2005-09-19,59.6,63.05
2005-09-20,59.23,62.66
2005-09-21,58.41,61.79
2005-09-22,58.8,62.2
2005-09-23,58.97,62.38
2005-09-26,58.63,62.02
2005-09-27,58.58,61.97
2005-09-28,58.12,61.48
2005-09-29,59.01,62.42
2005-09-30,58.57,61.96
2005-10-03,58.45,61.83
2005-10-04,57.78,61.12
2005-10-05,57.82,61.17
2005-10-06,58.25,61.62
2005-10-07,58.57,61.96
2005-10-10,57.85,61.2
2005-10-11,57.87,61.22
2005-10-12,57.88,61.23
2005-10-13,58.54,61.93
2005-10-14,58.98,62.39
2005-10-17,59.14,62.56
2005-10-18,58.9,62.31
2005-10-19,59.7,63.15
2005-10-20,59.12,62.54
2005-10-21,59.16,62.58
2005-10-24,59.98,63.45
2005-10-25,59.87,63.33
2005-10-26,59.73,63.19
2005-10-27,59.59,63.04
2005-10-28,60.66,64.17
2005-10-31,60.2,63.68
2005-11-01,59.89,63.36
2005-11-02,59.63,63.63
2005-11-03,59.5,63.49
2005-11-04,59.72,63.73
2005-11-07,60.29,64.33
2005-11-08,60.16,64.2
2005-11-09,60.43,64.48
2005-11-10,61.45,65.57
2005-11-11,62.15,66.32
2005-11-14,62.39,66.58
2005-11-15,61.51,65.64
2005-11-16,60.99,65.08
2005-11-17,62.39,66.58
2005-11-18,62.51,66.7
2005-11-21,63.21,67.45
2005-11-22,63.83,68.11
2005-11-23,64.26,68.57
2005-11-25,64.34,68.66
2005-11-28,63.78,68.06
2005-11-29,63.84,68.12
2005-11-30,62.85,67.07
2005-12-01,62.93,67.15
2005-12-02,62.8,67.01
2005-12-05,63.12,67.35
2005-12-06,62.94,67.16
2005-12-07,62.5,66.69
2005-12-08,62.2,66.37
2005-12-09,62.61,66.81
2005-12-12,62.35,66.53
2005-12-13,63.2,67.44
2005-12-14,64.02,68.31
2005-12-15,63.71,67.98
2005-12-16,63.75,68.03
2005-12-19,63.65,67.92
2005-12-20,63.41,67.66
2005-12-21,63.68,67.95
2005-12-22,63.98,68.27
2005-12-23,64.03,68.33
2005-12-27,63.6,67.87
2005-12-28,63.15,67.39
2005-12-29,63.06,67.29
2005-12-30,62.83,67.05
2006-01-03,63.8,68.08
2006-01-04,63.06,67.29
2006-01-05,62.99,67.22
2006-01-06,63.36,67.61
2006-01-09,63.35,67.6
2006-01-10,63.3,67.55
2006-01-11,63.63,67.9
2006-01-12,62.89,67.11
2006-01-13,63.25,67.49
2006-01-17,62.6,66.8
2006-01-18,63.6,67.87
2006-01-19,62.61,66.81
2006-01-20,61.5,65.63
2006-01-23,61.61,65.74
2006-01-24,61.59,65.72
2006-01-25,62,66.16
2006-01-26,62.57,66.77
2006-01-27,62.7,66.91
2006-01-30,62.47,66.66
2006-01-31,62.36,66.54
2006-02-01,61.84,66.54
2006-02-02,61.3,65.96
2006-02-03,61.04,65.68
2006-02-06,61.05,65.69
2006-02-07,61.13,65.78
2006-02-08,61.33,65.99
2006-02-09,61.23,65.89
2006-02-10,61.73,66.43
2006-02-13,61.65,66.34
2006-02-14,62.65,67.42
2006-02-15,63.49,68.32
2006-02-16,63.95,68.81
2006-02-17,63.61,68.45
2006-02-21,63.51,68.34
2006-02-22,64.39,69.29
2006-02-23,64.39,69.29
2006-02-24,64.57,69.48
2006-02-27,64.49,69.39
2006-02-28,64.2,69.08
2006-03-01,64.69,69.61
2006-03-02,63.84,68.7
2006-03-03,63.82,68.67
2006-03-06,63.72,68.57
2006-03-07,64.49,69.39
2006-03-08,64.41,69.31
2006-03-09,63.91,68.77
2006-03-10,64.25,69.14
2006-03-13,64.36,69.25
2006-03-14,64.92,69.86
2006-03-15,64.9,69.84
2006-03-16,64.94,69.88
2006-03-17,65.06,70.01
2006-03-20,65.13,70.08
2006-03-21,64.88,69.81
2006-03-22,65.37,70.34
2006-03-23,64.97,69.91
2006-03-24,64.98,69.92
2006-03-27,64.93,69.87
2006-03-28,64.06,68.93
2006-03-29,64.2,69.08
2006-03-30,64.13,69.01
2006-03-31,63.87,68.73
2006-04-03,64.33,69.22
2006-04-04,64.87,69.8
2006-04-05,65.13,70.08
2006-04-06,64.94,69.88
2006-04-07,64.37,69.27
2006-04-10,64.41,69.31
2006-04-11,64.38,69.28
2006-04-12,64.39,69.29
2006-04-13,64.65,69.57
2006-04-17,64.46,69.36
2006-04-18,65.06,70.01
2006-04-19,64.73,69.65
2006-04-20,65.03,69.98
2006-04-21,65.03,69.98
2006-04-24,65.1,70.05
2006-04-25,65.09,70.04
2006-04-26,65.6,70.59
2006-04-27,67.17,72.28
2006-04-28,68.69,73.91
2006-05-01,68,73.17
2006-05-02,67.89,73.05
2006-05-03,67.35,73.03
2006-05-04,68.18,73.93
2006-05-05,68.87,74.68
2006-05-08,68.39,74.16
2006-05-09,68.3,74.06
2006-05-10,67.95,73.68
2006-05-11,67.48,73.17
2006-05-12,67.16,72.83
2006-05-15,67.66,73.37
2006-05-16,67.92,73.65
2006-05-17,66.47,72.08
2006-05-18,65.67,71.21
2006-05-19,66.06,71.63
2006-05-22,66.64,72.26
2006-05-23,66.89,72.53
2006-05-24,67,72.65
2006-05-25,67.09,72.75
2006-05-26,67.25,72.92
2006-05-30,66.25,71.84
2006-05-31,66.37,71.97
2006-06-01,67.66,73.37
2006-06-02,68.14,73.89
2006-06-05,67.34,73.02
2006-06-06,67.65,73.36
2006-06-07,68.23,73.99
2006-06-08,69.27,75.11
2006-06-09,69.12,74.95
2006-06-12,69.21,75.05
2006-06-13,67.07,72.73
2006-06-14,66.53,72.14
2006-06-15,66.92,72.57
2006-06-16,66.65,72.27
2006-06-19,66.46,72.07
2006-06-20,66.48,72.09
2006-06-21,66.64,72.26
2006-06-22,66.41,72.01
2006-06-23,65.51,71.04
2006-06-26,65.85,71.41
2006-06-27,65.14,70.64
2006-06-28,66.25,71.84
2006-06-29,67.4,73.09
2006-06-30,67.08,72.74
2006-07-03,67.44,73.13
2006-07-05,66.88,72.52
2006-07-06,67.5,73.19
2006-07-07,68.11,73.86
2006-07-10,68.33,74.09
2006-07-11,68.85,74.66
2006-07-12,68.08,73.82
2006-07-13,67.99,73.73
2006-07-14,67.77,73.49
2006-07-17,68.55,74.33
2006-07-18,68.25,74.01
2006-07-19,70.83,76.81
2006-07-20,70.79,76.76
2006-07-21,71.19,77.2
2006-07-24,70.87,76.85
2006-07-25,70.7,76.66
2006-07-26,70.86,76.84
2006-07-27,70.07,75.98
2006-07-28,72.41,78.52
2006-07-31,72.34,78.44
2006-08-01,72.54,78.66
2006-08-02,72.4,79.12
2006-08-03,72.65,79.39
2006-08-04,73,79.77
2006-08-07,72.38,79.09
2006-08-08,71.47,78.1
2006-08-09,69.73,76.2
2006-08-10,69.45,75.89
2006-08-11,69.59,76.04
2006-08-14,34.65,75.73
2006-08-15,34.97,76.43
2006-08-16,35.23,77
2006-08-17,35.25,77.04
2006-08-18,35.14,76.8
2006-08-21,35.21,76.95
2006-08-22,34.88,76.23
2006-08-23,34.91,76.3
2006-08-24,35.21,76.95
2006-08-25,34.9,76.27
2006-08-28,35.12,76.75
2006-08-29,34.85,76.16
2006-08-30,34.69,75.82
2006-08-31,34.75,75.95
2006-09-01,34.82,76.1
2006-09-05,34.83,76.12
2006-09-06,35.04,76.58
2006-09-07,34.67,75.77
2006-09-08,34.98,76.45
2006-09-11,35.04,76.58
2006-09-12,35.34,77.24
2006-09-13,35.48,77.54
2006-09-14,35.64,77.89
2006-09-15,35.87,78.39
2006-09-18,35.78,78.2
2006-09-19,35.97,78.61
2006-09-20,36.3,79.33
2006-09-21,36.1,78.9
2006-09-22,36.01,78.7
2006-09-25,36.37,79.49
2006-09-26,36.46,79.68
2006-09-27,36.18,79.07
2006-09-28,36.12,78.94
2006-09-29,36.18,79.07
2006-10-02,36.05,78.79
2006-10-03,36.49,79.75
2006-10-04,36.63,80.05
2006-10-05,36.51,79.79
2006-10-06,36.34,79.42
2006-10-09,36.41,79.57
2006-10-10,36.28,79.29
2006-10-11,36.22,79.16
2006-10-12,36.3,79.33
2006-10-13,36.33,79.4
2006-10-16,36.2,79.12
2006-10-17,36.48,79.73
2006-10-18,36.81,80.45
2006-10-19,36.74,80.3
2006-10-20,36.63,80.05
2006-10-23,36.67,80.14
2006-10-24,36.45,79.66
2006-10-25,36.39,79.53
2006-10-26,36.43,79.62
2006-10-27,36.32,79.38
2006-10-30,36.34,79.42
2006-10-31,36.29,79.31
2006-11-01,35.99,79.27
2006-11-02,35.87,79
2006-11-03,36,79.29
2006-11-06,36.34,80.04
2006-11-07,36.39,80.15
2006-11-08,36.8,81.05
2006-11-09,36.73,80.9
2006-11-10,36.67,80.77
2006-11-13,36.49,80.37
2006-11-14,36.71,80.85
2006-11-15,36.23,79.8
2006-11-16,36.5,80.39
2006-11-17,36.27,79.88
2006-11-20,36.16,79.64
2006-11-21,35.78,78.81
2006-11-22,35.51,78.21
2006-11-24,35.57,78.34
2006-11-27,35.2,77.53
2006-11-28,35.11,77.33
2006-11-29,35.46,78.1
2006-11-30,35.24,77.62
2006-12-01,35.23,77.59
2006-12-04,35.49,78.17
2006-12-05,35.52,78.23
2006-12-06,35.52,78.23
2006-12-07,35.49,78.17
2006-12-08,35.43,78.03
2006-12-11,35.39,77.95
2006-12-12,35.34,77.84
2006-12-13,35.35,77.86
2006-12-14,35.57,78.34
2006-12-15,35.65,78.52
2006-12-18,35.76,78.76
2006-12-19,35.89,79.05
2006-12-20,35.88,79.03
2006-12-21,35.89,79.05
2006-12-22,35.84,78.94
2006-12-26,35.94,79.16
2006-12-27,36.05,79.4
2006-12-28,35.92,79.11
2006-12-29,35.56,78.32
2007-01-03,35.74,78.72
2007-01-04,35.8,78.85
2007-01-05,35.6,78.41
2007-01-08,35.5,78.19
2007-01-09,35.59,78.39
2007-01-10,35.48,78.14
2007-01-11,35.54,78.28
2007-01-12,35.51,78.21
2007-01-16,36.23,79.8
2007-01-17,36.27,79.88
2007-01-18,36.2,79.73
2007-01-19,36.04,79.38
2007-01-22,35.75,78.74
2007-01-23,36.01,79.31
2007-01-24,36.56,80.52
2007-01-25,36.08,79.47
2007-01-26,36.03,79.36
2007-01-29,35.95,79.18
2007-01-30,35.9,79.07
2007-01-31,35.92,79.73
2007-02-01,35.87,79.62
2007-02-02,35.86,79.6
2007-02-05,35.69,79.22
2007-02-06,35.9,79.69
2007-02-07,35.88,79.64
2007-02-08,35.56,78.93
2007-02-09,35.36,78.49
2007-02-12,35.6,79.02
2007-02-13,35.87,79.62
2007-02-14,36.01,79.93
2007-02-15,36.01,79.93
2007-02-16,35.76,79.38
2007-02-20,35.94,79.77
2007-02-21,36.18,80.31
2007-02-22,36.21,80.37
2007-02-23,35.63,79.09
2007-02-26,35.67,79.18
2007-02-27,34.39,76.33
2007-02-28,34.7,77.02
2007-03-01,34.66,76.93
2007-03-02,34.44,76.45
2007-03-05,34.03,75.54
2007-03-06,34.66,76.93
2007-03-07,34.32,76.18
2007-03-08,34.51,76.6
2007-03-09,34.5,76.58
2007-03-12,34.53,76.65
2007-03-13,33.47,74.29
2007-03-14,33.65,74.69
2007-03-15,34.1,75.69
2007-03-16,33.95,75.36
2007-03-19,34.25,76.02
2007-03-20,34.61,76.82
2007-03-21,35.48,78.75
2007-03-22,34.99,77.67
2007-03-23,34.96,77.6
2007-03-26,34.68,76.98
2007-03-27,34.4,76.36
2007-03-28,34.14,75.78
2007-03-29,34.54,76.67
2007-03-30,34.43,76.42
2007-04-02,34.01,75.49
2007-04-03,34.51,76.6
2007-04-04,34.34,76.22
2007-04-05,34.44,76.45
2007-04-09,34.37,76.29
2007-04-10,34.41,76.38
2007-04-11,34.17,75.85
2007-04-12,34.34,76.22
2007-04-13,34.63,76.87
2007-04-16,35.51,78.82
2007-04-17,35.25,78.24
2007-04-18,35.95,79.8
2007-04-19,36.14,80.22
2007-04-20,36.3,80.57
2007-04-23,36.02,79.95
2007-04-24,35.78,79.42
2007-04-25,36.28,80.53
2007-04-26,36.07,80.06
2007-04-27,35.94,79.77
2007-04-30,35.89,79.66
2007-05-01,36.04,80
2007-05-02,35.69,79.84
2007-05-03,35.84,80.18
2007-05-04,35.92,80.36
2007-05-07,36.07,80.69
2007-05-08,35.81,80.11
2007-05-09,36.11,80.78
2007-05-10,35.4,79.19
2007-05-11,35.52,79.46
2007-05-14,35.3,78.97
2007-05-15,35.41,79.22
2007-05-16,36.22,81.03
2007-05-17,36.24,81.07
2007-05-18,36.42,81.47
2007-05-21,36.31,81.23
2007-05-22,36,80.53
2007-05-23,36.09,80.74
2007-05-24,36.04,80.62
2007-05-25,36.13,80.83
2007-05-29,36.15,80.87
2007-05-30,36.23,81.05
2007-05-31,36.09,80.74
2007-06-01,36.4,81.43
2007-06-04,36.2,80.98
2007-06-05,35.91,80.33
2007-06-06,35.59,79.62
2007-06-07,35.06,78.43
2007-06-08,35.34,79.06
2007-06-11,35.48,79.37
2007-06-12,35.18,78.7
2007-06-13,35.94,80.4
2007-06-14,35.89,80.29
2007-06-15,35.97,80.47
2007-06-18,36.14,80.85
2007-06-19,36.38,81.39
2007-06-20,35.68,79.82
2007-06-21,35.63,79.71
2007-06-22,35.02,78.34
2007-06-25,35.08,78.48
2007-06-26,35.06,78.43
2007-06-27,35.33,79.04
2007-06-28,35.28,78.92
2007-06-29,35.17,78.68
2007-07-02,35.51,79.44
2007-07-03,35.68,79.82
2007-07-05,35.32,79.01
2007-07-06,35.33,79.04
2007-07-09,35.12,78.57
2007-07-10,34.44,77.05
2007-07-11,34.92,78.12
2007-07-12,35.44,79.28
2007-07-13,35.54,79.51
2007-07-16,35.45,79.3
2007-07-17,35.59,79.62
2007-07-18,35.39,79.17
2007-07-19,35.54,79.51
2007-07-20,34.72,77.67
2007-07-23,34.85,77.96
2007-07-24,33.93,75.9
2007-07-25,34.57,77.34
2007-07-26,33.65,75.28
2007-07-27,33.56,75.08
2007-07-30,34.61,77.43
2007-07-31,33.77,75.55
2007-08-01,34.48,77.13
2007-08-02,34.42,77
2007-08-03,32.81,73.4
2007-08-06,34.76,77.76
2007-08-07,34.89,78.05
2007-08-08,34.99,78.97
2007-08-09,34.16,77.1
2007-08-10,34.4,77.64
2007-08-13,33.9,76.51
2007-08-14,33.66,75.97
2007-08-15,33.57,75.76
2007-08-16,35.4,79.89
2007-08-17,37.24,84.05
2007-08-20,37.1,83.73
2007-08-21,37.37,84.34
2007-08-22,36.7,82.83
2007-08-23,36.45,82.26
2007-08-24,36.57,82.53
2007-08-27,36.13,81.54
2007-08-28,35.2,79.44
2007-08-29,35.98,81.2
2007-08-30,35.74,80.66
2007-08-31,36.54,82.47
2007-09-04,36.59,82.58
2007-09-05,35.89,81
2007-09-06,35.65,80.46
2007-09-07,35.2,79.44
2007-09-10,35.14,79.31
2007-09-11,36.12,81.52
2007-09-12,35.68,80.53
2007-09-13,35.81,80.82
2007-09-14,35.66,80.48
2007-09-17,35.66,80.48
2007-09-18,37.19,83.93
2007-09-19,37.3,84.18
2007-09-20,36.55,82.49
2007-09-21,36.24,81.79
2007-09-24,35.96,81.16
2007-09-25,36.07,81.41
2007-09-26,35.85,80.91
2007-09-27,36.02,81.29
2007-09-28,35.62,80.39
2007-10-01,36.65,82.72
2007-10-02,36.63,82.67
2007-10-03,37,83.51
2007-10-04,37.27,84.11
2007-10-05,37.47,84.57
2007-10-08,36.96,83.41
2007-10-09,37.12,83.78
2007-10-10,36.62,82.65
2007-10-11,36.32,81.97
2007-10-12,36.04,81.34
2007-10-15,35.95,81.14
2007-10-16,34.55,77.98
2007-10-17,34.27,77.34
2007-10-18,33.5,75.61
2007-10-19,32.86,74.16
2007-10-22,33.82,76.33
2007-10-23,33.76,76.19
2007-10-24,34.04,76.82
2007-10-25,33.81,76.31
2007-10-26,34.55,77.98
2007-10-29,34.13,77.03
2007-10-30,34,76.73
2007-10-31,34.01,76.76
2007-11-01,32.11,72.47
2007-11-02,32.31,72.92
2007-11-05,31.93,72.06
2007-11-06,32.95,74.36
2007-11-07,30.76,70.12
2007-11-08,31.48,71.76
2007-11-09,31.66,72.17
2007-11-12,32.35,73.75
2007-11-13,33.89,77.26
2007-11-14,33.25,75.8
2007-11-15,31.97,72.88
2007-11-16,31.14,70.99
2007-11-19,30.53,69.6
2007-11-20,30.42,69.35
2007-11-21,29.92,68.21
2007-11-23,30.84,70.3
2007-11-26,29.49,67.23
2007-11-27,29.83,68
2007-11-28,30.72,70.03
2007-11-29,30.54,69.62
2007-11-30,32.43,73.93
2007-12-03,31.84,72.58
2007-12-04,31.76,72.4
2007-12-05,32.4,73.86
2007-12-06,32.59,74.29
2007-12-07,31.71,72.29
2007-12-10,32.64,74.41
2007-12-11,30.77,70.14
2007-12-12,30.67,69.92
2007-12-13,30.56,69.67
2007-12-14,30.07,68.55
2007-12-17,30.07,68.55
2007-12-18,30.32,69.12
2007-12-19,30.62,69.8
2007-12-20,30.37,69.23
2007-12-21,30.37,69.23
2007-12-24,31.2,71.12
2007-12-26,31.26,71.26
2007-12-27,30.3,69.07
2007-12-28,30.09,68.59
2007-12-31,30.19,68.82
2008-01-02,29.1,66.34
2008-01-03,28.52,65.02
2008-01-04,27.49,62.67
2008-01-07,27.68,63.1
2008-01-08,26.5,60.41
2008-01-09,27.04,61.64
2008-01-10,27.91,63.62
2008-01-11,28.2,64.29
2008-01-14,28.21,64.31
2008-01-15,26.49,60.39
2008-01-16,27.37,62.39
2008-01-17,26.13,59.57
2008-01-18,25.48,58.09
2008-01-22,26.95,61.44
2008-01-23,29.38,66.98
2008-01-24,31.16,71.03
2008-01-25,30.66,69.89
2008-01-28,31.8,72.49
2008-01-29,32.6,74.32
2008-01-30,32.76,74.68
2008-01-31,34.08,77.69
2008-02-01,33.65,76.71
2008-02-04,31.39,71.56
2008-02-05,30.47,69.46
2008-02-06,30.08,69.28
2008-02-07,30.46,70.15
2008-02-08,29.48,67.9
2008-02-11,29.54,68.03
2008-02-12,29.92,68.91
2008-02-13,30.47,70.18
2008-02-14,29.59,68.15
2008-02-15,29.69,68.38
2008-02-19,29.86,68.77
2008-02-20,30.65,70.59
2008-02-21,30.74,70.8
2008-02-22,31.44,72.41
2008-02-25,31.69,72.99
2008-02-26,31.4,72.32
2008-02-27,31.74,73.1
2008-02-28,30.56,70.38
2008-02-29,29.23,67.32
2008-03-03,28.87,66.49
2008-03-04,28.83,66.4
2008-03-05,28.98,66.74
2008-03-06,27.83,64.1
2008-03-07,28.11,64.74
2008-03-10,27.89,64.23
2008-03-11,30.82,70.98
2008-03-12,29.54,68.03
2008-03-13,29.48,67.9
2008-03-14,28.45,65.52
2008-03-17,28.78,66.28
2008-03-18,31.54,72.64
2008-03-19,30.58,70.43
2008-03-20,32.55,74.97
2008-03-24,32.09,73.91
2008-03-25,32.06,73.84
2008-03-26,30.81,70.96
2008-03-27,30.26,69.69
2008-03-28,29.35,67.6
2008-03-31,29.1,67.02
2008-04-01,31.49,72.53
2008-04-02,30.53,70.31
2008-04-03,30.79,70.91
2008-04-04,30.93,71.24
2008-04-07,30.79,70.91
2008-04-08,29.93,68.93
2008-04-09,29.45,67.83
2008-04-10,28.52,65.69
2008-04-11,27.97,64.42
2008-04-14,27.2,62.65
2008-04-15,27.81,64.05
2008-04-16,29.01,66.81
2008-04-17,29.71,68.43
2008-04-18,30.4,70.02
2008-04-21,29.27,67.41
2008-04-22,29.38,67.67
2008-04-23,28.92,66.61
2008-04-24,29.85,68.75
2008-04-25,30.59,70.45
2008-04-28,30.34,69.88
2008-04-29,29.88,68.82
2008-04-30,29.75,68.52
2008-05-01,31.18,71.81
2008-05-02,31.14,71.72
2008-05-05,31.15,71.74
2008-05-06,31.27,72.02
2008-05-07,29.9,69.58
2008-05-08,29.38,68.37
2008-05-09,29.33,68.25
2008-05-12,29.76,69.25
2008-05-13,28.97,67.41
2008-05-14,28.91,67.27
2008-05-15,29.6,68.88
2008-05-16,28.95,67.37
2008-05-19,28.48,66.27
2008-05-20,28.05,65.27
2008-05-21,27.7,64.46
2008-05-22,27.91,64.95
2008-05-23,27.68,64.41
2008-05-27,27.56,64.13
2008-05-28,27.47,63.92
2008-05-29,27.98,65.11
2008-05-30,27.57,64.16
2008-06-02,27.11,63.09
2008-06-03,26.78,62.32
2008-06-04,26.64,61.99
2008-06-05,27.2,63.29
2008-06-06,25.42,59.15
2008-06-09,25.27,58.8
2008-06-10,25.91,60.29
2008-06-11,25.55,59.46
2008-06-12,26.02,60.55
2008-06-13,26.08,60.69
2008-06-16,26.38,61.39
2008-06-17,25.4,59.11
2008-06-18,25.43,59.18
2008-06-19,25.63,59.64
2008-06-20,24.5,57.01
2008-06-23,24.26,56.45
2008-06-24,25.2,58.64
2008-06-25,25.4,59.11
2008-06-26,24.07,56.01
2008-06-27,24.03,55.92
2008-06-30,23.75,55.27
2008-07-01,24.12,56.13
2008-07-02,23.59,54.89
2008-07-03,23.92,55.66
2008-07-07,23.52,54.73
2008-07-08,24.67,57.41
2008-07-09,23.71,55.17
2008-07-10,23.61,54.94
2008-07-11,23,53.52
2008-07-14,21.57,50.19
2008-07-15,20.51,47.73
2008-07-16,27.23,63.36
2008-07-17,27.83,64.76
2008-07-18,27.86,64.83
2008-07-21,27.54,64.09
2008-07-22,30.43,70.81
2008-07-23,30.45,70.86
2008-07-24,29.15,67.83
2008-07-25,29.09,67.69
2008-07-28,27.93,64.99
2008-07-29,30.46,70.88
2008-07-30,31.2,72.6
2008-07-31,30.27,70.44
2008-08-01,30.5,70.97
2008-08-04,30.18,70.23
2008-08-05,31.54,73.39
2008-08-06,30.31,71.32
2008-08-07,29.01,68.26
2008-08-08,30.17,70.99
2008-08-11,31.61,74.38
2008-08-12,30.38,71.49
2008-08-13,29.29,68.92
2008-08-14,30.17,70.99
2008-08-15,29.76,70.03
2008-08-18,28.8,67.77
2008-08-19,27.79,65.39
2008-08-20,28.92,68.05
2008-08-21,28.44,66.92
2008-08-22,29.36,69.09
2008-08-25,28.67,67.46
2008-08-26,28.69,67.51
2008-08-27,28.91,68.03
2008-08-28,30.43,71.61
2008-08-29,30.27,71.23
2008-09-02,31.21,73.44
2008-09-03,31.01,72.97
2008-09-04,29.67,69.82
2008-09-05,31.2,73.42
2008-09-08,33.56,78.97
2008-09-09,31.17,73.35
2008-09-10,31.7,74.59
2008-09-11,33.85,79.65
2008-09-12,34.29,80.69
2008-09-15,31,72.95
2008-09-16,34.93,82.19
2008-09-17,33.43,78.66
2008-09-18,37,87.07
2008-09-19,39.8,93.65
2008-09-22,35.18,82.78
2008-09-23,34.17,80.41
2008-09-24,34.27,80.64
2008-09-25,34.12,80.29
2008-09-26,37.31,87.79
2008-09-29,33.25,78.24
2008-09-30,37.53,88.31
2008-10-01,36.7,86.36
2008-10-02,35.16,82.74
2008-10-03,34.56,81.32
2008-10-06,33.64,79.16
2008-10-07,30.6,72.01
2008-10-08,31.9,75.06
2008-10-09,27.25,64.12
2008-10-10,28.31,66.62
2008-10-13,30.4,71.53
2008-10-14,33.52,78.88
2008-10-15,33.35,78.48
2008-10-16,33.9,79.77
2008-10-17,32.06,75.44
2008-10-20,32.23,75.84
2008-10-21,32.64,76.81
2008-10-22,31.3,73.65
2008-10-23,31.33,73.72
2008-10-24,30.91,72.74
2008-10-27,30.83,72.55
2008-10-28,34.46,81.09
2008-10-29,32.11,75.56
2008-10-30,31.84,74.92
2008-10-31,34.05,80.12
2008-11-03,33.8,79.54
2008-11-04,35.11,82.62
2008-11-05,31.68,75.35
2008-11-06,28.77,68.43
2008-11-07,29.5,70.16
2008-11-10,28.62,68.07
2008-11-11,28.83,68.57
2008-11-12,27.3,64.93
2008-11-13,29.09,69.19
2008-11-14,28.73,68.33
2008-11-17,27.83,66.19
2008-11-18,27.2,64.69
2008-11-19,24.4,58.03
2008-11-20,22.53,53.58
2008-11-21,21.76,51.75
2008-11-24,26.02,61.89
2008-11-25,26.95,64.1
2008-11-26,28.65,68.14
2008-11-28,28.89,68.71
2008-12-01,23.41,55.68
2008-12-02,25.89,61.58
2008-12-03,28.1,66.83
2008-12-04,27.55,65.52
2008-12-05,29.94,71.21
2008-12-08,32.66,77.68
2008-12-09,30.5,72.54
2008-12-10,29.19,69.42
2008-12-11,25.9,61.6
2008-12-12,26.72,63.55
2008-12-15,26.07,62
2008-12-16,29.78,70.83
2008-12-17,29.98,71.3
2008-12-18,29.65,70.52
2008-12-19,29.36,69.83
2008-12-22,27.42,65.22
2008-12-23,26.99,64.19
2008-12-24,27.48,65.36
2008-12-26,27.51,65.43
2008-12-29,27.83,66.19
2008-12-30,28.8,68.5
2008-12-31,29.48,70.11
2009-01-02,30,71.35
2009-01-05,28.06,66.74
2009-01-06,27.54,65.5
2009-01-07,25.87,61.53
2009-01-08,25.72,61.17
2009-01-09,25.14,59.79
2009-01-12,23.8,56.61
2009-01-13,24.38,57.98
2009-01-14,23.07,54.87
2009-01-15,20.16,47.95
2009-01-16,18.68,44.43
2009-01-20,14.23,33.84
2009-01-21,16.65,39.6
2009-01-22,15.79,37.55
2009-01-23,15.87,37.74
2009-01-26,15.48,36.82
2009-01-27,16.19,38.51
2009-01-28,21.19,50.4
2009-01-29,18.78,44.67
2009-01-30,18.9,44.95
2009-02-02,19.23,45.74
2009-02-03,18.53,44.07
2009-02-04,17.45,42.31
2009-02-05,16.27,39.45
2009-02-06,19.14,46.41
2009-02-09,19.06,46.21
2009-02-10,16.35,39.64
2009-02-11,17.5,42.43
2009-02-12,16.8,40.74
2009-02-13,15.76,38.21
2009-02-17,13.69,33.19
2009-02-18,13.05,31.64
2009-02-19,12.01,29.12
2009-02-20,10.91,26.45
2009-02-23,11.03,26.74
2009-02-24,13.05,31.64
2009-02-25,13.44,32.59
2009-02-26,14.4,34.92
2009-02-27,12.1,29.34
2009-03-02,10.84,26.28
2009-03-03,10.67,25.87
2009-03-04,9.66,23.42
2009-03-05,8.12,19.69
2009-03-06,8.61,20.88
2009-03-09,9.97,24.17
2009-03-10,11.81,28.64
2009-03-11,11.88,28.81
2009-03-12,13.95,33.82
2009-03-13,13.94,33.8
2009-03-16,13.7,33.22
2009-03-17,14.66,35.55
2009-03-18,17.22,41.75
2009-03-19,15.42,37.39
2009-03-20,13.99,33.92
2009-03-23,17.33,42.02
2009-03-24,15.5,37.58
2009-03-25,16.42,39.81
2009-03-26,15.95,38.67
2009-03-27,15.59,37.8
2009-03-30,13.37,32.42
2009-03-31,14.24,34.53
2009-04-01,14.48,35.11
2009-04-02,15.33,37.17
2009-04-03,16.34,39.62
2009-04-06,15.25,36.98
2009-04-07,14.85,36.01
2009-04-08,14.89,36.1
2009-04-09,19.61,47.55
2009-04-13,19.67,47.69
2009-04-14,18.27,44.3
2009-04-15,19.55,47.4
2009-04-16,19.45,47.16
2009-04-17,20.26,49.12
2009-04-20,17,41.22
2009-04-21,18.81,45.61
2009-04-22,18.18,44.08
2009-04-23,20.09,48.71
2009-04-24,21.4,51.89
2009-04-27,20.3,49.22
2009-04-28,19.48,47.23
2009-04-29,19.97,48.42
2009-04-30,20.01,48.52
2009-05-01,19.61,47.55
2009-05-04,24.25,58.8
2009-05-05,23.27,56.42
2009-05-06,26.84,65.2
2009-05-07,24.76,60.15
2009-05-08,28.18,68.46
2009-05-11,26.53,64.45
2009-05-12,25.7,62.43
2009-05-13,24.2,58.79
2009-05-14,25.69,62.41
2009-05-15,24.87,60.42
2009-05-18,26.93,65.42
2009-05-19,25.45,61.82
2009-05-20,24.46,59.42
2009-05-21,25.04,60.83
2009-05-22,24.31,59.05
2009-05-26,25.65,62.31
2009-05-27,24.08,58.5
2009-05-28,24.77,60.17
2009-05-29,25.5,61.95
2009-06-01,25.43,61.78
2009-06-02,24.39,59.25
2009-06-03,24.13,58.62
2009-06-04,25.1,60.97
2009-06-05,24.72,60.05
2009-06-08,25.39,61.68
2009-06-09,25.66,62.33
2009-06-10,24.91,60.51
2009-06-11,25.02,60.78
2009-06-12,25.48,61.9
2009-06-15,24.71,60.03
2009-06-16,24.4,59.27
2009-06-17,23.09,56.09
2009-06-18,23.7,57.57
2009-06-19,24.19,58.76
2009-06-22,22.51,54.68
2009-06-23,22.91,55.65
2009-06-24,23.17,56.29
2009-06-25,23.8,57.82
2009-06-26,23.87,57.99
2009-06-29,24.53,59.59
2009-06-30,24.26,58.93
2009-07-01,24.14,58.64
2009-07-02,23.08,56.07
2009-07-06,23.1,56.12
2009-07-07,23.33,56.67
2009-07-08,22.91,55.65
2009-07-09,23.28,56.55
2009-07-10,22.87,55.56
2009-07-13,24.8,60.25
2009-07-14,24.4,59.27
2009-07-15,25.3,61.46
2009-07-16,25.05,60.85
2009-07-17,25,60.73
2009-07-20,25.52,61.99
2009-07-21,25.35,61.58
2009-07-22,24.45,59.39
2009-07-23,24.26,58.93
2009-07-24,23.47,57.01
2009-07-27,24.22,58.84
2009-07-28,24.52,59.56
2009-07-29,24.38,59.22
2009-07-30,24.87,60.42
2009-07-31,24.46,59.42
2009-08-03,25.8,62.67
2009-08-04,26.55,64.5
2009-08-05,28.02,68.19
2009-08-06,27.97,68.07
2009-08-07,28.76,69.99
2009-08-10,28.64,69.7
2009-08-11,26.89,65.44
2009-08-12,27.17,66.12
2009-08-13,27.88,67.85
2009-08-14,27.73,67.48
2009-08-17,26.3,64
2009-08-18,26.34,64.1
2009-08-19,26.61,64.76
2009-08-20,27.48,66.87
2009-08-21,27.94,67.99
2009-08-24,27.32,66.49
2009-08-25,27.33,66.51
2009-08-26,27.62,67.22
2009-08-27,27.74,67.51
2009-08-28,27.3,66.44
2009-08-31,27.52,66.97
2009-09-01,26.21,63.78
2009-09-02,26.09,63.49
2009-09-03,26.91,65.49
2009-09-04,26.91,65.49
2009-09-08,26.98,65.66
2009-09-09,27.68,67.36
2009-09-10,27.86,67.8
2009-09-11,27.43,66.75
2009-09-14,27.92,67.95
2009-09-15,28.58,69.55
2009-09-16,29.41,71.57
2009-09-17,28.78,70.04
2009-09-18,28.49,69.33
2009-09-21,28.29,68.85
2009-09-22,29.39,71.52
2009-09-23,28.76,69.99
2009-09-24,28.45,69.24
2009-09-25,28.19,68.6
2009-09-28,28.9,70.33
2009-09-29,28.35,68.99
2009-09-30,28.18,68.58
2009-10-01,26.6,64.73
2009-10-02,26.28,63.95
2009-10-05,28.09,68.36
2009-10-06,28.66,69.75
2009-10-07,29.26,71.21
2009-10-08,29.05,70.7
2009-10-09,29.21,71.09
2009-10-12,30.28,73.69
2009-10-13,30.06,73.15
2009-10-14,31.34,76.27
2009-10-15,31.38,76.37
2009-10-16,30.02,73.06
2009-10-19,30.07,73.18
2009-10-20,30.46,74.13
2009-10-21,28.9,70.33
2009-10-22,30.17,73.42
2009-10-23,29.32,71.35
2009-10-26,28.45,69.24
2009-10-27,28.39,69.09
2009-10-28,27.46,66.83
2009-10-29,28.57,69.53
2009-10-30,27.52,66.97
2009-11-02,27.61,67.19
2009-11-03,27.74,67.51
2009-11-04,26.82,65.39
2009-11-05,27.29,66.54
2009-11-06,27.12,66.12
2009-11-09,28.4,69.24
2009-11-10,28.1,68.51
2009-11-11,28.8,70.22
2009-11-12,28.22,68.8
2009-11-13,27.68,67.49
2009-11-16,28.21,68.78
2009-11-17,28.37,69.17
2009-11-18,28.86,70.36
2009-11-19,28.32,69.05
2009-11-20,27.87,67.95
2009-11-23,28.07,68.44
2009-11-24,27.86,67.93
2009-11-25,27.83,67.85
2009-11-27,27.14,66.17
2009-11-30,28.04,68.36
2009-12-01,27.99,68.24
2009-12-02,27.45,66.93
2009-12-03,26.49,64.59
2009-12-04,26.96,65.73
2009-12-07,26.36,64.27
2009-12-08,26.03,63.46
2009-12-09,25.96,63.29
2009-12-10,25.32,61.73
2009-12-11,25.41,61.95
2009-12-14,25.49,62.15
2009-12-15,25.66,62.56
2009-12-16,25.84,63
2009-12-17,26.07,63.56
2009-12-18,26.78,65.29
2009-12-21,27.34,66.66
2009-12-22,27.16,66.22
2009-12-23,26.85,65.46
2009-12-24,27.09,66.05
2009-12-28,26.75,65.22
2009-12-29,26.68,65.05
2009-12-30,26.82,65.39
2009-12-31,26.99,65.8
2010-01-04,27.32,66.61
2010-01-05,28.07,68.44
2010-01-06,28.11,68.54
2010-01-07,29.13,71.02
2010-01-08,28.86,70.36
2010-01-11,28.8,70.22
2010-01-12,28.08,68.46
2010-01-13,28.58,69.68
2010-01-14,28.99,70.68
2010-01-15,28.08,68.46
2010-01-19,28.28,68.95
2010-01-20,27.82,67.83
2010-01-21,28,68.27
2010-01-22,27.26,66.46
2010-01-25,27.66,67.44
2010-01-26,26.99,65.8
2010-01-27,28.2,68.75
2010-01-28,28.45,69.36
2010-01-29,28.43,69.32
2010-02-01,28.93,70.53
2010-02-02,28.79,70.19
2010-02-03,28.14,68.73
2010-02-04,27.06,66.09
2010-02-05,27.42,66.97
2010-02-08,26.43,64.55
2010-02-09,26.71,65.24
2010-02-10,27.18,66.39
2010-02-11,27.08,66.14
2010-02-12,26.88,65.65
2010-02-16,27.39,66.9
2010-02-17,27.33,66.75
2010-02-18,27.34,66.78
2010-02-19,27.37,66.85
2010-02-22,28.01,68.41
2010-02-23,27.29,66.65
2010-02-24,27.66,67.56
2010-02-25,27.44,67.02
2010-02-26,27.34,66.78
2010-03-01,27.35,66.8
2010-03-02,27.87,68.07
2010-03-03,28.2,68.88
2010-03-04,28.43,69.44
2010-03-05,29.15,71.2
2010-03-08,28.89,70.56
2010-03-09,28.98,70.78
2010-03-10,29.57,72.22
2010-03-11,29.76,72.69
2010-03-12,29.63,72.37
2010-03-15,29.89,73
2010-03-16,30.28,73.96
2010-03-17,30.55,74.62
2010-03-18,30.29,73.98
2010-03-19,30.38,74.2
2010-03-22,30.41,74.27
2010-03-23,31.08,75.91
2010-03-24,30.86,75.37
2010-03-25,31.06,75.86
2010-03-26,31.22,76.25
2010-03-29,31.1,75.96
2010-03-30,30.84,75.32
2010-03-31,31.12,76.01
2010-04-01,31.37,76.62
2010-04-05,31.51,76.96
2010-04-06,32.28,78.84
2010-04-07,31.99,78.13
2010-04-08,32.23,78.72
2010-04-09,32.3,78.89
2010-04-12,32.42,79.18
2010-04-13,32.15,78.52
2010-04-14,33.28,81.28
2010-04-15,33.51,81.85
2010-04-16,32.56,79.53
2010-04-19,33.02,80.65
2010-04-20,33.69,82.29
2010-04-21,33.01,80.63
2010-04-22,33.58,82.02
2010-04-23,33.48,81.77
2010-04-26,32.72,79.92
2010-04-27,31.72,77.47
2010-04-28,32.45,79.26
2010-04-29,33.23,81.16
2010-04-30,33.11,80.87
2010-05-03,33.88,82.75
2010-05-04,32.94,80.45
2010-05-05,32.66,79.89
2010-05-06,31.18,76.27
2010-05-07,30.82,75.39
2010-05-10,32.97,80.65
2010-05-11,32.91,80.5
2010-05-12,33.66,82.34
2010-05-13,33.08,80.92
2010-05-14,32.04,78.38
2010-05-17,31.97,78.2
2010-05-18,30.59,74.83
2010-05-19,30.08,73.58
2010-05-20,28.69,70.18
2010-05-21,30.11,73.65
2010-05-24,28.71,70.23
2010-05-25,28.9,70.69
2010-05-26,28.04,68.59
2010-05-27,29.41,71.94
2010-05-28,28.69,70.18
2010-06-01,28.23,69.06
2010-06-02,29.18,71.38
2010-06-03,28.86,70.6
2010-06-04,27.78,67.96
2010-06-07,27.29,66.76
2010-06-08,27.76,67.91
2010-06-09,27.03,66.12
2010-06-10,28.13,68.81
2010-06-11,27.84,68.1
2010-06-14,27.4,67.03
2010-06-15,27.91,68.27
2010-06-16,28.12,68.79
2010-06-17,27.93,68.32
2010-06-18,28.07,68.66
2010-06-21,27.94,68.35
2010-06-22,27.46,67.17
2010-06-23,27.32,66.83
2010-06-24,26.86,65.7
2010-06-25,27.05,66.17
2010-06-28,27.03,66.12
2010-06-29,25.93,63.43
2010-06-30,25.6,62.62
2010-07-01,25.18,61.6
2010-07-02,24.88,60.86
2010-07-06,25.15,61.52
2010-07-07,26.66,65.22
2010-07-08,26.64,65.17
2010-07-09,27,66.05
2010-07-12,27.06,66.19
2010-07-13,27.94,68.35
2010-07-14,27.66,67.66
2010-07-15,27.81,68.03
2010-07-16,26.24,64.19
2010-07-19,26.02,63.65
2010-07-20,25.91,63.38
2010-07-21,26.06,63.75
2010-07-22,27.39,67
2010-07-23,27.42,67.07
2010-07-26,27.91,68.27
2010-07-27,28.39,69.45
2010-07-28,28.07,68.66
2010-07-29,27.69,67.73
2010-07-30,27.73,67.83
2010-08-02,28.57,69.89
2010-08-03,28.12,68.79
2010-08-04,27.93,68.44
2010-08-05,27.88,68.32
2010-08-06,27.75,68
2010-08-09,28.23,69.18
2010-08-10,27.77,68.05
2010-08-11,26.3,64.45
2010-08-12,26,63.71
2010-08-13,25.84,63.32
2010-08-16,25.68,62.93
2010-08-17,25.34,62.1
2010-08-18,25.38,62.2
2010-08-19,24.43,59.87
2010-08-20,24.6,60.28
2010-08-23,24.23,59.38
2010-08-24,23.64,57.93
2010-08-25,23.6,57.83
2010-08-26,23.49,57.56
2010-08-27,24,58.81
2010-08-30,23.25,56.98
2010-08-31,23.55,57.71
2010-09-01,24.66,60.43
2010-09-02,25.1,61.51
2010-09-03,25.84,63.32
2010-09-07,24.92,61.07
2010-09-08,25.22,61.8
2010-09-09,25.69,62.95
2010-09-10,25.75,63.1
2010-09-13,26.5,64.94
2010-09-14,26.06,63.86
2010-09-15,26.34,64.55
2010-09-16,26.06,63.86
2010-09-17,26.01,63.74
2010-09-20,26.56,65.09
2010-09-21,26.38,64.65
2010-09-22,25.81,63.25
2010-09-23,25.04,61.36
2010-09-24,25.59,62.71
2010-09-27,25.53,62.56
2010-09-28,25.35,62.12
2010-09-29,25.04,61.36
2010-09-30,25.115,61.55
2010-10-01,25.56,62.64
2010-10-04,25.38,62.2
2010-10-05,26.2525,64.33
2010-10-06,26.3,64.45
2010-10-07,26,63.71
2010-10-08,25.95,63.59
2010-10-11,25.65,62.86
2010-10-12,25.98,63.67
2010-10-13,25.81,63.25
2010-10-14,24.72,60.58
2010-10-15,23.58,57.78
2010-10-18,24.87,60.95
2010-10-19,24.55,60.16
2010-10-20,25.6,62.73
2010-10-21,26.03,63.79
2010-10-22,26.11,63.98
2010-10-25,25.72,63.03
2010-10-26,25.91,63.49
2010-10-27,25.75,63.1
2010-10-28,25.94,63.57
2010-10-29,26.06,63.86
2010-11-01,25.93,63.54
2010-11-02,25.97,63.64
2010-11-03,26.46,64.96
2010-11-04,27.46,67.42
2010-11-05,29.22,71.74
2010-11-08,29.04,71.3
2010-11-09,28.13,69.06
2010-11-10,28.58,70.17
2010-11-11,28.19,69.21
2010-11-12,27.54,67.62
2010-11-15,27.65,67.89
2010-11-16,27.19,66.76
2010-11-17,26.86,65.95
2010-11-18,27.51,67.54
2010-11-19,27.49,67.49
2010-11-22,26.95,66.17
2010-11-23,26.8,65.8
2010-11-24,27.1125,66.57
2010-11-26,26.65,65.43
2010-11-29,27.2,66.78
2010-11-30,27.21,66.81
2010-12-01,27.53,67.59
2010-12-02,28.78,70.66
2010-12-03,29.05,71.32
2010-12-06,28.7425,70.57
2010-12-07,28.47,69.9
2010-12-08,29.37,72.11
2010-12-09,30.07,73.83
2010-12-10,30.27,74.32
2010-12-13,30.22,74.2
2010-12-14,29.8175,73.21
2010-12-15,29.79,73.14
2010-12-16,30.02,73.7
2010-12-17,29.96,73.56
2010-12-20,30.1,73.9
2010-12-21,30.82,75.67
2010-12-22,31.31,76.87
2010-12-23,30.99,76.09
2010-12-27,31.21,76.63
2010-12-28,31.2,76.6
2010-12-29,31.02,76.16
2010-12-30,30.82,75.67
2010-12-31,30.99,76.09
2011-01-03,31.58,77.53
2011-01-04,31.65,77.71
2011-01-05,32.37,79.47
2011-01-06,32.15,78.93
2011-01-07,31.5,77.34
2011-01-10,31.2,76.6
2011-01-11,31.4,77.09
2011-01-12,32.01,78.59
2011-01-13,31.89,78.3
2011-01-14,32.75,80.41
2011-01-18,32.49,79.77
2011-01-19,31.81,78.1
2011-01-20,31.89,78.3
2011-01-21,32.51,79.82
2011-01-24,32.7,80.28
2011-01-25,32.7,80.28
2011-01-26,32.45,79.67
2011-01-27,32.5,79.79
2011-01-28,31.84,78.17
2011-01-31,32.42,79.6
2011-02-01,33.44,82.1
2011-02-02,32.72,80.46
2011-02-03,32.75,80.53
2011-02-04,32.755,80.54
2011-02-07,33.32,81.93
2011-02-08,34.1,83.85
2011-02-09,33.13,81.46
2011-02-10,33,81.14
2011-02-11,33.76,83.01
2011-02-14,33.87,83.28
2011-02-15,33.68,82.82
2011-02-16,33.3,81.88
2011-02-17,32.95,81.02
2011-02-18,32.64,80.26
2011-02-22,31.38,77.16
2011-02-23,31.5,77.46
2011-02-24,31.44,77.31
2011-02-25,32.4,79.67
2011-02-28,32.26,79.33
2011-03-01,31.65,77.83
2011-03-02,31.55,77.58
2011-03-03,32.41,79.69
2011-03-04,31.91,78.46
2011-03-07,31.72,78
2011-03-08,32.51,79.94
2011-03-09,32.8,80.65
2011-03-10,32.06,78.83
2011-03-11,32.38,79.62
2011-03-14,32.1,78.93
2011-03-15,32.27,79.35
2011-03-16,31.23,76.79
2011-03-17,31.36,77.11
2011-03-18,31.83,78.27
2011-03-21,31.88,78.39
2011-03-22,31.51,77.48
2011-03-23,31.45,77.33
2011-03-24,31.54,77.73
2011-03-25,31.94,78.71
2011-03-28,31.61,77.9
2011-03-29,31.59,77.85
2011-03-30,31.91,78.64
2011-03-31,31.71,78.15
2011-04-01,32.06,79.01
2011-04-04,31.8,78.37
2011-04-05,31.99,78.84
2011-04-06,32.4,79.85
2011-04-07,32.17,79.28
2011-04-08,31.62,77.92
2011-04-11,31.4,77.38
2011-04-12,31.4,77.38
2011-04-13,30.68,75.61
2011-04-14,30.15,74.3
2011-04-15,29.89,73.66
2011-04-18,29.52,72.75
2011-04-19,30.07,74.1
2011-04-20,28.83,71.05
2011-04-21,28.54,70.33
2011-04-25,28.56,70.38
2011-04-26,28.87,71.15
2011-04-27,29.27,72.13
2011-04-28,29.27,72.13
2011-04-29,29.11,71.74
2011-05-02,29.13,71.79
2011-05-03,29.51,72.72
2011-05-04,28.78,71.22
2011-05-05,28.13,69.61
2011-05-06,28.25,69.91
2011-05-09,28.21,69.81
2011-05-10,28.53,70.6
2011-05-11,28.16,69.69
2011-05-12,28.23,69.86
2011-05-13,27.93,69.12
2011-05-16,27.86,68.94
2011-05-17,28.75,71.15
2011-05-18,28.92,71.57
2011-05-19,28.61,70.8
2011-05-20,28,69.29
2011-05-23,27.53,68.13
2011-05-24,27.63,68.37
2011-05-25,27.56,68.2
2011-05-26,27.7,68.55
2011-05-27,28.14,69.64
2011-05-31,28.37,70.21
2011-06-01,26.94,66.67
2011-06-02,27.16,67.21
2011-06-03,26.86,66.47
2011-06-06,26.26,64.98
2011-06-07,25.77,63.77
2011-06-08,25.36,62.76
2011-06-09,26.22,64.89
2011-06-10,26.275,65.02
2011-06-13,26.9,66.57
2011-06-14,27.02,66.87
2011-06-15,26.55,65.7
2011-06-16,26.8,66.32
2011-06-17,27.33,67.63
2011-06-20,26.95,66.69
2011-06-21,27.46,67.95
2011-06-22,27.37,67.73
2011-06-23,27.04,66.91
2011-06-24,27.26,67.46
2011-06-27,27.45,67.93
2011-06-28,27.49,68.03
2011-06-29,28.07,69.46
2011-06-30,28.06,69.44
2011-07-01,28.67,70.95
2011-07-05,28.42,70.33
2011-07-06,28.12,69.59
2011-07-07,28.66,70.92
2011-07-08,28.3,70.03
2011-07-11,27.59,68.28
2011-07-12,27.39,67.78
2011-07-13,27.53,68.13
2011-07-14,27.28,67.51
2011-07-15,27.18,67.26
2011-07-18,26.88,66.52
2011-07-19,28.41,70.31
2011-07-20,28.7,71.02
2011-07-21,29.38,72.71
2011-07-22,29.14,72.11
2011-07-25,28.95,71.64
2011-07-26,28.97,71.69
2011-07-27,28.58,70.73
2011-07-28,28.3,70.03
2011-07-29,27.94,69.14
2011-08-01,27.93,69.12
2011-08-02,27.18,67.26
2011-08-03,27.3,67.86
2011-08-04,25.74,63.98
2011-08-05,25.21,62.66
2011-08-08,22.93,56.99
2011-08-09,24.78,61.59
2011-08-10,22.88,56.87
2011-08-11,24.29,60.37
2011-08-12,24.13,59.98
2011-08-15,25.02,62.19
2011-08-16,24.55,61.02
2011-08-17,24.88,61.84
2011-08-18,23.72,58.96
2011-08-19,23.36,58.06
2011-08-22,22.89,56.89
2011-08-23,23.94,59.5
2011-08-24,24.43,60.72
2011-08-25,24.76,61.54
2011-08-26,24.59,61.12
2011-08-29,25.42,63.18
2011-08-30,25.4,63.13
2011-08-31,26.1,64.87
2011-09-01,25.23,62.71
2011-09-02,24.2,60.15
2011-09-06,23.92,59.45
2011-09-07,24.96,62.04
2011-09-08,24.4,60.65
2011-09-09,23.52,58.46
2011-09-12,24.1,59.9
2011-09-13,24.36,60.55
2011-09-14,24.69,61.37
2011-09-15,25.19,62.61
2011-09-16,24.95,62.01
2011-09-19,24.33,60.47
2011-09-20,24.67,61.32
2011-09-21,23.71,58.93
2011-09-22,23.17,57.59
2011-09-23,23.69,58.88
2011-09-26,24.79,61.62
2011-09-27,24.96,62.04
2011-09-28,24.45,60.77
2011-09-29,24.99,62.11
2011-09-30,24.12,59.95
2011-10-03,23.18,57.61
2011-10-04,24.21,60.17
2011-10-05,24.5,60.9
2011-10-06,25.37,63.06
2011-10-07,24.54,61
2011-10-10,26.13,64.95
2011-10-11,26.05,64.75
2011-10-12,26.95,66.99
2011-10-13,26.12,64.92
2011-10-14,26.67,66.29
2011-10-17,24.42,60.7
2011-10-18,25.86,64.28
2011-10-19,25.18,62.59
2011-10-20,25.76,64.03
2011-10-21,26.31,65.39
2011-10-24,26.52,65.92
2011-10-25,25.55,63.51
2011-10-26,25.76,64.03
2011-10-27,27.07,67.28
2011-10-28,27.08,67.31
2011-10-31,25.91,64.4
2011-11-01,24.77,61.57
2011-11-02,25.33,63.26
2011-11-03,25.81,64.46
2011-11-04,25.4,63.43
2011-11-07,25.42,63.48
2011-11-08,26.53,66.25
2011-11-09,24.99,62.41
2011-11-10,25.08,62.63
2011-11-11,25.65,64.06
2011-11-14,25.1,62.68
2011-11-15,25.29,63.16
2011-11-16,24.94,62.28
2011-11-17,24.67,61.61
2011-11-18,24.69,61.66
2011-11-21,24.18,60.39
2011-11-22,23.93,59.76
2011-11-23,23.21,57.96
2011-11-25,23.51,58.71
2011-11-28,24.15,60.31
2011-11-29,24.08,60.14
2011-11-30,25.86,64.58
2011-12-01,25.64,64.03
2011-12-02,26.07,65.11
2011-12-05,26.74,66.78
2011-12-06,26.65,66.55
2011-12-07,27.05,67.55
2011-12-08,26.19,65.4
2011-12-09,26.91,67.2
2011-12-12,26.29,65.65
2011-12-13,25.79,64.41
2011-12-14,25.86,64.58
2011-12-15,25.61,63.96
2011-12-16,25.98,64.88
2011-12-19,25.31,63.21
2011-12-20,26.5,66.18
2011-12-21,26.89,67.15
2011-12-22,27.25,68.05
2011-12-23,27.785,69.39
2011-12-27,27.61,68.95
2011-12-28,27.11,67.7
2011-12-29,27.76,69.33
2011-12-30,27.56,68.83
2012-01-03,28.43,71
2012-01-04,28.56,71.32
2012-01-05,29.02,72.47
2012-01-06,28.94,72.27
2012-01-09,29.3,73.17
2012-01-10,29.41,73.45
2012-01-11,29.62,73.97
2012-01-12,29.61,73.95
2012-01-13,29.61,73.95
2012-01-17,29.825,74.48
2012-01-18,30.24,75.52
2012-01-19,30.15,75.29
2012-01-20,30.54,76.27
2012-01-23,30.92,77.22
2012-01-24,30.54,76.27
2012-01-25,30.2,75.42
2012-01-26,29.05,72.55
2012-01-27,29.6,73.92
2012-01-30,29.25,73.05
2012-01-31,29.21,72.95
2012-02-01,29.89,74.94
2012-02-02,29.9,74.97
2012-02-03,30.63,76.8
2012-02-06,30.2,75.72
2012-02-07,30.26,75.87
2012-02-08,30.63,76.8
2012-02-09,30.58,76.67
2012-02-10,30.26,75.87
2012-02-13,30.62,76.77
2012-02-14,30.42,76.27
2012-02-15,30.17,75.65
2012-02-16,30.37,76.15
2012-02-17,31.09,77.95
2012-02-21,30.96,77.63
2012-02-22,30.59,76.7
2012-02-23,30.65,76.85
2012-02-24,30.18,75.67
2012-02-27,31.03,77.8
2012-02-28,31.37,78.66
2012-02-29,31.29,78.45
2012-03-01,31.54,79.08
2012-03-02,31.28,78.43
2012-03-05,30.97,77.65
2012-03-06,30.105,75.48
2012-03-07,30.41,76.25
2012-03-08,31.4,78.73
2012-03-09,31.66,79.38
2012-03-12,31.51,79.01
2012-03-13,33.33,83.57
2012-03-14,33.37,83.67
2012-03-15,34.07,85.42
2012-03-16,33.89,84.97
2012-03-19,34.25,85.88
2012-03-20,34.32,86.05
2012-03-21,34.02,85.3
2012-03-22,33.355,83.88
2012-03-23,33.53,84.32
2012-03-26,34.39,86.49
2012-03-27,34,85.51
2012-03-28,34.47,86.69
2012-03-29,33.94,85.35
2012-03-30,34.14,85.86
2012-04-02,34.51,86.79
2012-04-03,34.48,86.71
2012-04-04,33.88,85.2
2012-04-05,33.73,84.83
2012-04-09,33.42,84.05
2012-04-10,32.92,82.79
2012-04-11,33.62,84.55
2012-04-12,34.02,85.56
2012-04-13,32.84,82.59
2012-04-16,33.15,83.37
2012-04-17,33.68,84.7
2012-04-18,33.57,84.42
2012-04-19,33.12,83.29
2012-04-20,33,82.99
2012-04-23,32.69,82.21
2012-04-24,33.07,83.17
2012-04-25,33.35,83.87
2012-04-26,33.84,85.1
2012-04-27,33.77,84.93
2012-04-30,33.415,84.03
2012-05-01,34.09,85.73
2012-05-02,33.57,84.98
2012-05-03,33.39,84.52
2012-05-04,33.03,83.61
2012-05-07,33.5,84.8
2012-05-08,33.15,83.91
2012-05-09,32.63,82.6
2012-05-10,33.19,84.02
2012-05-11,33.31,84.32
2012-05-14,32.41,82.04
2012-05-15,32.24,81.61
2012-05-16,31.97,80.93
2012-05-17,31.44,79.59
2012-05-18,30.94,78.32
2012-05-21,31.4,79.48
2012-05-22,31.67,80.17
2012-05-23,31.74,80.34
2012-05-24,31.81,80.52
2012-05-25,31.86,80.65
2012-05-29,32.25,81.64
2012-05-30,31.7,80.24
2012-05-31,32.05,81.13
2012-06-01,30.16,76.35
2012-06-04,30.05,76.07
2012-06-05,30.515,77.24
2012-06-06,30.97,78.4
2012-06-07,31.18,78.93
2012-06-08,31.43,79.56
2012-06-11,30.99,78.45
2012-06-12,31.3,79.23
2012-06-13,31.58,79.94
2012-06-14,32.03,81.08
2012-06-15,32.45,82.14
2012-06-18,32.46,82.17
2012-06-19,32.96,83.43
2012-06-20,32.81,83.05
2012-06-21,32.34,81.86
2012-06-22,32.81,83.05
2012-06-25,32.225,81.57
2012-06-26,32.325,81.83
2012-06-27,32.73,82.85
2012-06-28,32.48,82.22
2012-06-29,33.44,84.65
2012-07-02,33.55,84.93
2012-07-03,33.48,84.75
2012-07-05,33.13,83.86
2012-07-06,33.05,83.66
2012-07-09,33.26,84.19
2012-07-10,32.97,83.46
2012-07-11,33.27,84.22
2012-07-12,32.85,83.15
2012-07-13,33.91,85.84
2012-07-16,34.02,86.12
2012-07-17,34.12,86.37
2012-07-18,33.96,85.96
2012-07-19,34.15,86.45
2012-07-20,33.81,85.58
2012-07-23,33.44,84.65
2012-07-24,33.23,84.12
2012-07-25,33.16,83.94
2012-07-26,33.775,85.5
2012-07-27,34.145,86.43
2012-07-30,33.96,85.96
2012-07-31,33.81,85.58
2012-08-01,33.9,85.81
2012-08-02,33.34,84.4
2012-08-03,34.34,86.93
2012-08-06,34,86.07
2012-08-07,33.96,85.96
2012-08-08,33.82,86.17
2012-08-09,33.82,86.17
2012-08-10,33.83,86.19
2012-08-13,33.96,86.52
2012-08-14,33.96,86.52
2012-08-15,33.97,86.55
2012-08-16,34.13,86.96
2012-08-17,34.03,86.7
2012-08-20,34.07,86.8
2012-08-21,34.38,87.59
2012-08-22,34.18,87.08
2012-08-23,33.92,86.42
2012-08-24,34.04,86.73
2012-08-27,34.02,86.68
2012-08-28,34.1,86.88
2012-08-29,34.07,86.8
2012-08-30,33.87,86.29
2012-08-31,34.03,86.7
2012-09-04,33.8,86.12
2012-09-05,33.75,85.99
2012-09-06,34.84,88.77
2012-09-07,35,89.17
2012-09-10,34.59,88.13
2012-09-11,34.15,87.01
2012-09-12,34.33,87.47
2012-09-13,35.55,90.57
2012-09-14,36.13,92.05
2012-09-17,35.33,90.01
2012-09-18,35.44,90.29
2012-09-19,35.25,89.81
2012-09-20,35.2,89.68
2012-09-21,34.97,89.1
2012-09-24,35.095,89.42
2012-09-25,34.72,88.46
2012-09-26,34.42,87.7
2012-09-27,34.76,88.56
2012-09-28,34.53,87.98
2012-10-01,34.7,88.41
2012-10-02,34.82,88.71
2012-10-03,35.44,90.29
2012-10-04,35.97,91.64
2012-10-05,35.84,91.31
2012-10-08,35.8,91.21
2012-10-09,35.1,89.43
2012-10-10,35.23,89.76
2012-10-11,35.18,89.63
2012-10-12,34.25,87.26
2012-10-15,33.9,86.37
2012-10-16,33.73,85.94
2012-10-17,34.47,87.82
2012-10-18,34.57,88.08
2012-10-19,34.34,87.49
2012-10-22,34.5,87.9
2012-10-23,33.87,86.29
2012-10-24,33.72,85.91
2012-10-25,34.06,86.78
2012-10-26,33.97,86.55
2012-10-31,33.69,85.84
2012-11-01,34.06,86.78
2012-11-02,33.74,85.96
2012-11-05,34.02,86.68
2012-11-06,34.32,87.44
2012-11-07,32.91,84.41
2012-11-08,32.35,82.97
2012-11-09,32.35,82.97
2012-11-12,32.37,83.02
2012-11-13,32.02,82.13
2012-11-14,31.43,80.61
2012-11-15,31.57,80.97
2012-11-16,31.94,81.92
2012-11-19,32.4,83.1
2012-11-20,32.92,84.43
2012-11-21,32.59,83.59
2012-11-23,33.2,85.15
2012-11-26,32.9,84.38
2012-11-27,32.63,83.69
2012-11-28,32.81,84.15
2012-11-29,33.16,85.05
2012-11-30,33.01,84.67
2012-12-03,32.75,84
2012-12-04,32.74,83.97
2012-12-05,32.98,84.59
2012-12-06,33.14,85
2012-12-07,33.23,85.23
2012-12-10,33.05,84.77
2012-12-11,33.29,85.38
2012-12-12,33.5,85.92
2012-12-13,33.26,85.31
2012-12-14,33.15,85.02
2012-12-17,34.38,88.18
2012-12-18,34.96,89.67
2012-12-19,34.62,88.79
2012-12-20,35.06,89.92
2012-12-21,34.48,88.44
2012-12-24,34.42,88.28
2012-12-26,34.33,88.05
2012-12-27,34.18,87.67
2012-12-28,33.91,86.97
2012-12-31,34.18,87.67
2013-01-02,35.05,89.9
2013-01-03,34.76,89.15
2013-01-04,34.94,89.62
2013-01-07,34.77,89.18
2013-01-08,34.71,89.03
2013-01-09,34.71,89.03
2013-01-10,35.4,90.8
2013-01-11,35.1,90.03
2013-01-14,34.77,89.18
2013-01-15,35.11,90.05
2013-01-16,35.09,90
2013-01-17,35.03,89.85
2013-01-18,34.93,89.59
2013-01-22,35.04,89.87
2013-01-23,34.95,89.64
2013-01-24,35.16,90.18
2013-01-25,35.14,90.13
2013-01-28,35.11,90.05
2013-01-29,35.27,90.46
2013-01-30,34.97,90.33
2013-01-31,34.83,89.97
2013-02-01,35.13,90.75
2013-02-04,34.76,89.79
2013-02-05,34.85,90.02
2013-02-06,34.97,90.33
2013-02-07,34.66,89.53
2013-02-08,34.88,90.1
2013-02-11,35.26,91.08
2013-02-12,35.51,91.73
2013-02-13,35.13,90.75
2013-02-14,35.21,90.95
2013-02-15,35.16,90.82
2013-02-19,35.14,90.77
2013-02-20,35.1,90.67
2013-02-21,35.46,91.6
2013-02-22,35.82,92.53
2013-02-25,34.79,89.87
2013-02-26,34.75,89.77
2013-02-27,35.13,90.75
2013-02-28,35.08,90.62
2013-03-01,35.39,91.42
2013-03-04,35.85,92.61
2013-03-05,35.88,92.68
2013-03-06,36.05,93.12
2013-03-07,36.42,94.08
2013-03-08,36.5,94.29
2013-03-11,37.13,95.91
2013-03-12,36.66,94.7
2013-03-13,36.77,94.98
2013-03-14,36.97,95.5
2013-03-15,38.2,98.68
2013-03-18,37.76,97.54
2013-03-19,37.49,96.84
2013-03-20,37.44,96.71
2013-03-21,37.14,95.94
2013-03-22,37.2,96.09
2013-03-25,37.21,96.12
2013-03-26,37.3,96.35
2013-03-27,36.98,95.53
2013-03-28,36.99,95.55
2013-04-01,36.93,95.4
2013-04-02,36.88,95.27
2013-04-03,36.67,94.72
2013-04-04,37.42,96.66
2013-04-05,37.15,95.96
2013-04-08,37.02,95.63
2013-04-09,37.45,96.74
2013-04-10,37.57,97.05
2013-04-11,37.51,96.89
2013-04-12,37.21,96.12
2013-04-15,36.57,94.47
2013-04-16,37.06,95.73
2013-04-17,36.56,94.44
2013-04-18,36.27,93.69
2013-04-19,36.69,94.78
2013-04-22,36.73,94.88
2013-04-23,37.13,95.91
2013-04-24,37.34,96.46
2013-04-25,37.64,97.23
2013-04-26,37.88,97.85
2013-04-29,37.88,97.85
2013-04-30,37.98,98.11
2013-05-01,37.46,96.77
2013-05-02,37.41,96.64
2013-05-03,37.74,97.49
2013-05-06,37.9,97.9
2013-05-07,38.4,99.19
2013-05-08,38.45,100.1
2013-05-09,37.89,98.64
2013-05-10,38.03,99
2013-05-13,38.2,99.45
2013-05-14,38.76,100.9
2013-05-15,39.3,102.31
2013-05-16,39.26,102.21
2013-05-17,39.88,103.82
2013-05-20,40.2,104.65
2013-05-21,40.68,105.9
2013-05-22,40.1,104.39
2013-05-23,40.01,104.16
2013-05-24,40.24,104.76
2013-05-28,40.52,105.49
2013-05-29,40.75,106.09
2013-05-30,41.25,107.39
2013-05-31,40.55,105.56
2013-06-03,40.73,106.03
2013-06-04,40.44,105.28
2013-06-05,39.82,103.66
2013-06-06,40.72,106.01
2013-06-07,41.25,107.39
2013-06-10,41.27,107.44
2013-06-11,40.66,105.85
2013-06-12,40.27,104.84
2013-06-13,40.94,106.58
2013-06-14,40.16,104.55
2013-06-17,40.61,105.72
2013-06-18,40.84,106.32
2013-06-19,40.66,105.85
2013-06-20,40.09,104.37
2013-06-21,40.96,106.63
2013-06-24,39.8,103.61
2013-06-25,40.3,104.91
2013-06-26,41.02,106.79
2013-06-27,41.56,108.19
2013-06-28,41.27,107.44
2013-07-01,41.36,107.67
2013-07-02,41.22,107.31
2013-07-03,41.22,107.31
2013-07-05,42.07,109.52
2013-07-08,42.83,111.5
2013-07-09,42.7,111.16
2013-07-10,42.07,109.52
2013-07-11,41.89,109.05
2013-07-12,42.63,110.98
2013-07-15,43.35,112.85
2013-07-16,43.02,112
2013-07-17,43.51,113.27
2013-07-18,44.41,115.61
2013-07-19,44.45,115.72
2013-07-22,44.63,116.19
2013-07-23,44.57,116.03
2013-07-24,44.31,115.35
2013-07-25,43.65,113.64
2013-07-26,43.51,113.27
2013-07-29,43.25,112.59
2013-07-30,43.26,112.62
2013-07-31,43.5,113.24
2013-08-01,44.26,115.22
2013-08-02,44.49,115.82
2013-08-05,44.34,115.43
2013-08-06,44.03,114.62
2013-08-07,43.27,113.43
2013-08-08,43.22,113.3
2013-08-09,43.23,113.32
2013-08-12,43.2,113.24
2013-08-13,43.32,113.56
2013-08-14,43.1,112.98
2013-08-15,42.99,112.69
2013-08-16,42.75,112.06
2013-08-19,42.49,111.38
2013-08-20,42.59,111.64
2013-08-21,42.36,111.04
2013-08-22,42.48,111.36
2013-08-23,42.76,112.09
2013-08-26,42.39,111.12
2013-08-27,41.11,107.76
2013-08-28,41.25,108.13
2013-08-29,41.25,108.13
2013-08-30,41.08,107.69
2013-09-03,41.39,108.5
2013-09-04,41.5,108.79
2013-09-05,41.82,109.63
2013-09-06,41.43,108.6
2013-09-09,41.72,109.36
2013-09-10,42.45,111.28
2013-09-11,42.5,111.41
2013-09-12,42.26,110.78
2013-09-13,42.19,110.6
2013-09-16,42.89,112.43
2013-09-17,42.85,112.33
2013-09-18,43.31,113.53
2013-09-19,42.96,112.61
2013-09-20,42.85,112.33
2013-09-23,42.31,110.91
2013-09-24,41.73,109.39
2013-09-25,41.81,109.6
2013-09-26,41.61,109.08
2013-09-27,41.59,109.02
2013-09-30,41.32,108.32
2013-10-01,41.49,108.76
2013-10-02,41.26,108.16
2013-10-03,41,107.48
2013-10-04,41.3,108.26
2013-10-07,40.62,106.48
2013-10-08,40.24,105.48
2013-10-09,40.36,105.8
2013-10-10,41.44,108.63
2013-10-11,41.43,108.6
2013-10-14,41.75,109.44
2013-10-15,41.54,108.89
2013-10-16,42.21,110.65
2013-10-17,42.68,111.88
2013-10-18,42.68,111.88
2013-10-21,42.62,111.72
2013-10-22,42.94,112.56
2013-10-23,42.76,112.09
2013-10-24,42.69,111.91
2013-10-25,42.86,112.35
2013-10-28,42.83,112.27
2013-10-29,42.96,112.61
2013-10-30,43.1,112.98
2013-10-31,42.69,111.91
2013-11-01,42.67,111.85
2013-11-04,42.7,111.93
2013-11-05,42.63,111.75
2013-11-06,42.44,112.04
2013-11-07,41.71,110.11
2013-11-08,42.71,112.75
2013-11-11,42.75,112.86
2013-11-12,42.28,111.62
2013-11-13,42.76,112.88
2013-11-14,43.09,113.75
2013-11-15,43.54,114.94
2013-11-18,43.41,114.6
2013-11-19,43.56,114.99
2013-11-20,43.62,115.15
2013-11-21,44.08,116.37
2013-11-22,44.36,117.11
2013-11-25,44.48,117.42
2013-11-26,44.31,116.97
2013-11-27,44.27,116.87
2013-11-29,44.02,116.21
2013-12-02,44.18,116.63
2013-12-03,43.73,115.44
2013-12-04,43.75,115.5
2013-12-05,43.25,114.18
2013-12-06,44.11,116.45
2013-12-09,44.32,117
2013-12-10,44.11,116.45
2013-12-11,43.52,114.89
2013-12-12,43.5,114.84
2013-12-13,43.73,115.44
2013-12-16,43.98,116.1
2013-12-17,43.59,115.07
2013-12-18,44.93,118.61
2013-12-19,45.02,118.85
2013-12-20,44.96,118.69
2013-12-23,45.21,119.35
2013-12-24,45.39,119.82
2013-12-26,45.54,120.22
2013-12-27,45.5,120.12
2013-12-30,45.5,120.12
2013-12-31,45.4,119.85
2014-01-02,45.02,118.85
2014-01-03,45.34,119.69
2014-01-06,45.42,119.9
2014-01-07,45.4,119.85
2014-01-08,45.92,121.22
2014-01-09,46.16,121.86
2014-01-10,45.94,121.28
2014-01-13,45.56,120.27
2014-01-14,45.59,120.35
2014-01-15,46.4,122.49
2014-01-16,46.39,122.46
2014-01-17,46.39,122.46
2014-01-21,46.5,122.75
2014-01-22,46.67,123.2
2014-01-23,46.35,122.36
2014-01-24,45.48,120.06
2014-01-27,45.53,120.19
2014-01-28,45.96,121.33
2014-01-29,45.59,120.35
2014-01-30,46.05,121.57
2014-01-31,45.34,119.69
2014-02-03,44.43,117.29
2014-02-04,44.77,118.19
2014-02-05,44.23,117.55
2014-02-06,44.78,119.02
2014-02-07,45.37,120.58
2014-02-10,45.52,120.98
2014-02-11,45.97,122.18
2014-02-12,45.99,122.23
2014-02-13,45.98,122.21
2014-02-14,46.13,122.6
2014-02-18,46.13,122.6
2014-02-19,45.53,121.01
2014-02-20,45.63,121.28
2014-02-21,45.6,121.2
2014-02-24,46.08,122.47
2014-02-25,46.08,122.47
2014-02-26,46.05,122.39
2014-02-27,46.05,122.39
2014-02-28,46.42,123.37
2014-03-03,46.15,122.66
2014-03-04,46.74,124.23
2014-03-05,47.09,125.16
2014-03-06,47.34,125.82
2014-03-07,47.95,127.44
2014-03-10,48.15,127.97
2014-03-11,47.81,127.07
2014-03-12,48.12,127.89
2014-03-13,47.84,127.15
2014-03-14,47.4,125.98
2014-03-17,48.13,127.92
2014-03-18,48.4,128.64
2014-03-19,47.81,127.07
2014-03-20,49.03,130.31
2014-03-21,49.12,130.55
2014-03-24,48.98,130.18
2014-03-25,48.96,130.13
2014-03-26,48.5,128.9
2014-03-27,49.1,130.5
2014-03-28,49.29,131
2014-03-31,49.74,132.2
2014-04-01,49.77,132.28
2014-04-02,49.76,132.25
2014-04-03,49.83,132.44
2014-04-04,49.56,131.72
2014-04-07,48.66,129.33
2014-04-08,48.83,129.78
2014-04-09,49.1,130.5
2014-04-10,47.71,126.8
2014-04-11,48.08,127.79
2014-04-14,48.11,127.87
2014-04-15,48.78,129.65
2014-04-16,49.09,130.47
2014-04-17,48.93,130.05
2014-04-21,49.12,130.55
2014-04-22,49.23,130.84
2014-04-23,49.59,131.8
2014-04-24,49.32,131.08
2014-04-25,49.05,130.37
2014-04-28,48.94,130.07
2014-04-29,49.47,131.48
2014-04-30,49.64,131.93
2014-05-01,49.64,131.93
2014-05-02,49.58,131.77
2014-05-05,49.56,131.72
2014-05-06,49.09,130.47
2014-05-07,49.39,132.2
2014-05-08,49.33,132.04
2014-05-09,49.08,131.37
2014-05-12,49.76,133.19
2014-05-13,49.81,133.32
2014-05-14,49.29,131.93
2014-05-15,49.03,131.24
2014-05-16,49.08,131.37
2014-05-19,49.49,132.47
2014-05-20,48.96,131.05
2014-05-21,49.67,132.95
2014-05-22,49.99,133.81
2014-05-23,50.16,134.26
2014-05-27,50.55,135.3
2014-05-28,50.44,135.01
2014-05-29,50.27,134.55
2014-05-30,50.78,135.92
2014-06-02,51.09,136.75
2014-06-03,51.09,136.75
2014-06-04,51.04,136.62
2014-06-05,51.63,138.19
2014-06-06,51.98,139.13
2014-06-09,52.51,140.55
2014-06-10,52.59,140.76
2014-06-11,52.24,139.83
2014-06-12,51.71,138.41
2014-06-13,51.9,138.92
2014-06-16,51.09,136.75
2014-06-17,51.66,138.28
2014-06-18,52.04,139.29
2014-06-19,52.02,139.24
2014-06-20,52.89,141.57
2014-06-23,52.98,141.81
2014-06-24,52.49,140.5
2014-06-25,52.6,140.79
2014-06-26,52.37,140.18
2014-06-27,52.9,141.59
2014-06-30,52.56,140.68
2014-07-01,52.72,141.11
2014-07-02,52.66,140.95
2014-07-03,53,141.86
2014-07-07,52.5,140.52
2014-07-08,52.25,139.85
2014-07-09,52.19,139.69
2014-07-10,51.81,138.68
2014-07-11,51.49,137.82
2014-07-14,51.31,137.34
2014-07-15,51.35,137.45
2014-07-16,51.17,136.96
2014-07-17,50.68,135.65
2014-07-18,51.28,137.26
2014-07-21,51.05,136.64
2014-07-22,51.35,137.45
2014-07-23,51.33,137.39
2014-07-24,51.59,138.09
2014-07-25,51.6,138.11
2014-07-28,51.6,138.11
2014-07-29,51.54,137.95
2014-07-30,52.1,139.45
2014-07-31,50.9,136.24
2014-08-01,50.35,134.77
2014-08-04,50.99,136.48
2014-08-05,50.4,134.9
2014-08-06,50.06,134.93
2014-08-07,49.7,133.96
2014-08-08,50,134.77
2014-08-11,49.89,134.47
2014-08-12,49.78,134.17
2014-08-13,49.99,134.74
2014-08-14,50.38,135.79
2014-08-15,50.21,135.33
2014-08-18,50.69,136.63
2014-08-19,50.86,137.09
2014-08-20,50.85,137.06
2014-08-21,51.29,138.24
2014-08-22,51.18,137.95
2014-08-25,51.45,138.68
2014-08-26,51.56,138.97
2014-08-27,51.34,138.38
2014-08-28,51.15,137.87
2014-08-29,51.44,138.65
2014-09-02,51.57,139
2014-09-03,51.55,138.95
2014-09-04,51.57,139
2014-09-05,51.65,139.22
2014-09-08,51.47,138.73
2014-09-09,51.07,137.65
2014-09-10,51.52,138.86
2014-09-11,51.59,139.05
2014-09-12,51.7,139.35
2014-09-15,51.94,140
2014-09-16,52.31,140.99
2014-09-17,52.51,141.53
2014-09-18,53.24,143.5
2014-09-19,53.36,143.82
2014-09-22,52.9,142.58
2014-09-23,52.1,140.43
2014-09-24,52.13,140.51
2014-09-25,51.41,138.57
2014-09-26,51.87,139.81
2014-09-29,51.69,139.32
2014-09-30,51.87,139.81
2014-10-01,51.26,138.16
2014-10-02,51.4,138.54
2014-10-03,52.1,140.43
2014-10-06,52.03,140.24
2014-10-07,51.08,137.68
2014-10-08,52.15,140.56
2014-10-09,51.12,137.79
2014-10-10,50.64,136.49
2014-10-13,50.2,135.31
2014-10-14,48.83,131.61
2014-10-15,47.85,128.97
2014-10-16,48.13,129.73
2014-10-17,48.69,131.24
2014-10-20,49.18,132.56
2014-10-21,50.45,135.98
2014-10-22,50.17,135.23
2014-10-23,50.6,136.38
2014-10-24,51.2,138
2014-10-27,51.31,138.3
2014-10-28,51.78,139.57
2014-10-29,52.17,140.62
2014-10-30,52.46,141.4
2014-10-31,53.09,143.1
2014-11-03,53.37,143.85
2014-11-04,53.27,143.58
2014-11-05,53.53,145.23
2014-11-06,54.06,146.66
2014-11-07,53.84,146.07
2014-11-10,53.83,146.04
2014-11-11,53.58,145.36
2014-11-12,53.54,145.25
2014-11-13,53.39,144.85
2014-11-14,53.35,144.74
2014-11-17,53.44,144.98
2014-11-18,53.27,144.52
2014-11-19,53.36,144.76
2014-11-20,53.48,145.09
2014-11-21,53.81,145.99
2014-11-24,54.1,146.77
2014-11-25,53.88,146.18
2014-11-26,54.28,147.26
2014-11-28,54.48,147.8
2014-12-01,53.82,146.01
2014-12-02,54.22,147.1
2014-12-03,54.39,147.56
2014-12-04,54.5,147.86
2014-12-05,55.03,149.3
2014-12-08,54.77,148.59
2014-12-09,54.83,148.75
2014-12-10,54.26,147.21
2014-12-11,54.43,147.67
2014-12-12,53.7,145.69
2014-12-15,53.19,144.3
2014-12-16,52.77,143.16
2014-12-17,53.79,145.93
2014-12-18,55.21,149.78
2014-12-19,54.45,147.72
2014-12-22,54.97,149.13
2014-12-23,55.47,150.49
2014-12-24,55.34,150.14
2014-12-26,55.28,149.97
2014-12-29,55.71,151.14
2014-12-30,55.42,150.35
2014-12-31,54.82,148.73
2015-01-02,54.7,148.4
2015-01-05,53.2,144.33
2015-01-06,52.09,141.32
2015-01-07,52.4,142.16
2015-01-08,53.56,145.31
2015-01-09,52.68,142.92
2015-01-12,52.05,141.21
2015-01-13,51.85,140.67
2015-01-14,51.25,139.04
2015-01-15,50.72,137.6
2015-01-16,51.64,140.1
2015-01-20,52,141.07
2015-01-21,52.1,141.35
2015-01-22,53.77,145.88
2015-01-23,53.26,144.49
2015-01-26,53.58,145.36
2015-01-27,52.97,143.71
2015-01-28,52.16,141.51
2015-01-29,52.76,143.14
2015-01-30,51.92,140.86
2015-02-02,52.81,143.27
2015-02-03,53.45,145.01
2015-02-04,53.03,144.82
2015-02-05,53.67,146.57
2015-02-06,54.45,148.7
2015-02-09,54.21,148.04
2015-02-10,54.57,149.02
2015-02-11,53.9,147.19
2015-02-12,54.86,149.82
2015-02-13,55.33,151.1
2015-02-17,55.37,151.21
2015-02-18,54.52,148.89
2015-02-19,54.56,149
2015-02-20,54.83,149.73
2015-02-23,55.1,150.47
2015-02-24,55.37,151.21
2015-02-25,55.33,151.1
2015-02-26,55.15,150.61
2015-02-27,54.79,149.62
2015-03-02,55.55,151.7
2015-03-03,55.45,151.43
2015-03-04,54.82,149.71
2015-03-05,54.84,149.76
2015-03-06,54.59,149.08
2015-03-09,54.67,149.3
2015-03-10,53.29,145.53
2015-03-11,53.7,146.65
2015-03-12,55.59,151.81
2015-03-13,55.34,151.13
2015-03-16,55.73,152.19
2015-03-17,55.91,152.68
2015-03-18,56.17,153.39
2015-03-19,55.51,151.59
2015-03-20,56.01,152.96
2015-03-23,55.78,152.33
2015-03-24,55.35,151.15
2015-03-25,54.54,148.94
2015-03-26,54.5,148.83
2015-03-27,54.12,147.8
2015-03-30,54.77,149.57
2015-03-31,54.4,148.56
2015-04-01,53.94,147.3
2015-04-02,54.37,148.48
2015-04-06,54.08,147.69
2015-04-07,54.02,147.52
2015-04-08,54,147.47
2015-04-09,54.19,147.99
2015-04-10,54.32,148.34
2015-04-13,54.59,149.08
2015-04-14,54.19,147.99
2015-04-15,54.81,149.68
2015-04-16,54.81,149.68
2015-04-17,54.05,147.6
2015-04-20,54.36,148.45
2015-04-21,54.28,148.23
2015-04-22,54.67,149.3
2015-04-23,54.86,149.82
2015-04-24,54.7,149.38
2015-04-27,54.97,150.12
2015-04-28,55.41,151.32
2015-04-29,55.46,151.45
2015-04-30,55.1,150.47
2015-05-01,55.19,150.72
2015-05-04,55.73,152.19
2015-05-05,55.72,152.16
2015-05-06,54.92,151
2015-05-07,54.81,150.7
2015-05-08,56.05,154.11
2015-05-11,55.51,152.63
2015-05-12,55.47,152.52
2015-05-13,55.6,152.87
2015-05-14,56.04,154.08
2015-05-15,55.52,152.65
2015-05-18,55.75,153.29
2015-05-19,56.4,155.07
2015-05-20,56.08,154.19
2015-05-21,56.01,154
2015-05-22,56,153.97
2015-05-26,55.66,153.04
2015-05-27,56.07,154.17
2015-05-28,56.21,154.55
2015-05-29,55.96,153.86
2015-06-01,56.04,154.08
2015-06-02,56.18,154.47
2015-06-03,56.91,156.48
2015-06-04,56.14,154.36
2015-06-05,56.61,155.65
2015-06-08,56.12,154.3
2015-06-09,56.7,155.9
2015-06-10,57.21,157.3
2015-06-11,57.26,157.44
2015-06-12,57.09,156.97
2015-06-15,56.98,156.67
2015-06-16,57.22,157.33
2015-06-17,57.17,157.19
2015-06-18,57.7,158.65
2015-06-19,57.05,156.86
2015-06-22,57.91,159.23
2015-06-23,57.89,159.17
2015-06-24,57.54,158.21
2015-06-25,57.17,157.19
2015-06-26,57.44,157.93
2015-06-29,56.06,154.14
2015-06-30,56.24,154.63
2015-07-01,56.91,156.48
2015-07-02,56.74,156.01
2015-07-06,56.44,155.18
2015-07-07,56.25,154.66
2015-07-08,55.25,151.91
2015-07-09,55.5,152.6
2015-07-10,56.08,154.19
2015-07-13,56.74,156.01
2015-07-14,57.25,157.41
2015-07-15,57.78,158.87
2015-07-16,58.17,159.94
2015-07-17,57.94,159.31
2015-07-20,58.05,159.61
2015-07-21,57.95,159.34
2015-07-22,58.52,160.9
2015-07-23,58.21,160.05
2015-07-24,57.78,158.87
2015-07-27,57.59,158.35
2015-07-28,57.4,157.82
2015-07-29,57.96,159.36
2015-07-30,58.15,159.89
2015-07-31,57.87,159.12
2015-08-03,57.91,159.23
2015-08-04,57.82,158.98
2015-08-05,57.65,159.54
2015-08-06,57.53,159.21
2015-08-07,57.47,159.04
2015-08-10,57.94,160.34
2015-08-11,57.21,158.32
2015-08-12,56.72,156.97
2015-08-13,56.89,157.44
2015-08-14,57.33,158.66
2015-08-17,57.35,158.71
2015-08-18,57.54,159.24
2015-08-19,57.06,157.91
2015-08-20,56.12,155.31
2015-08-21,53.97,149.36
2015-08-24,51.25,141.83
2015-08-25,50.02,138.43
2015-08-26,52.3,144.74
2015-08-27,54.03,149.52
2015-08-28,53.54,148.17
2015-08-31,53.33,147.59
2015-09-01,50.99,141.11
2015-09-02,51.99,143.88
2015-09-03,52.43,145.1
2015-09-04,51.29,141.94
2015-09-08,52.93,146.48
2015-09-09,52.19,144.43
2015-09-10,52.56,145.46
2015-09-11,52.62,145.62
2015-09-14,52.77,146.04
2015-09-15,53.47,147.97
2015-09-16,53.72,148.67
2015-09-17,52.21,144.49
2015-09-18,51.04,141.25
2015-09-21,51.55,142.66
2015-09-22,50.69,140.28
2015-09-23,50.78,140.53
2015-09-24,50.55,139.89
2015-09-25,51.48,142.47
2015-09-28,50.37,139.4
2015-09-29,50.89,140.83
2015-09-30,51.35,142.11
2015-10-01,51.44,142.36
2015-10-02,51.26,141.86
2015-10-05,52.41,145.04
2015-10-06,52.03,143.99
2015-10-07,52.19,144.43
2015-10-08,52.54,145.4
2015-10-09,52.14,144.29
2015-10-12,52.18,144.4
2015-10-13,51.86,143.52
2015-10-14,51.5,142.52
2015-10-15,52.69,145.82
2015-10-16,52.88,146.34
2015-10-19,52.56,145.46
2015-10-20,53.08,146.89
2015-10-21,53.12,147.01
2015-10-22,54.06,149.61
2015-10-23,54.75,151.52
2015-10-26,54.29,150.24
2015-10-27,54.12,149.77
2015-10-28,55.45,153.45
2015-10-29,55.09,152.46
2015-10-30,54.14,149.83
2015-11-02,54.85,151.79
2015-11-03,54.93,152.01
2015-11-04,54.58,152.08
2015-11-05,54.86,152.86
2015-11-06,55.85,155.62
2015-11-09,55.47,154.56
2015-11-10,55.91,155.79
2015-11-11,55.8,155.48
2015-11-12,55.17,153.73
2015-11-13,54.57,152.06
2015-11-16,55.27,154.01
2015-11-17,54.96,153.14
2015-11-18,55.67,155.12
2015-11-19,55.97,155.96
2015-11-20,55.82,155.54
2015-11-23,55.6,154.93
2015-11-24,55.28,154.03
2015-11-25,55.22,153.87
2015-11-27,55.39,154.34
2015-11-30,55.1,153.53
2015-12-01,55.71,155.23
2015-12-02,55.08,153.48
2015-12-03,54.2,151.03
2015-12-04,55.67,155.12
2015-12-07,55.42,154.42
2015-12-08,54.4,151.58
2015-12-09,54.12,150.8
2015-12-10,54.34,151.42
2015-12-11,53.31,148.55
2015-12-14,53.2,148.24
2015-12-15,54.91,153
2015-12-16,55.85,155.62
2015-12-17,55.47,154.56
2015-12-18,53.79,149.88
2015-12-21,54.02,150.52
2015-12-22,54.34,151.42
2015-12-23,55.04,153.37
2015-12-24,54.82,152.75
2015-12-28,54.68,152.36
2015-12-29,55.29,154.06
2015-12-30,54.89,152.95
2015-12-31,54.36,151.47
